,y_temp_1,y_temp_2,y_temp_3,y_temp_4,y_temp_5
87,25.8,26.5,26.7,27.8,28.0
88,26.5,26.7,27.8,28.0,27.9
89,26.7,27.8,28.0,27.9,27.6
90,27.8,28.0,27.9,27.6,25.8
91,28.0,27.9,27.6,25.8,25.0
92,27.9,27.6,25.8,25.0,19.5
93,27.6,25.8,25.0,19.5,18.0
94,25.8,25.0,19.5,18.0,17.4
95,25.0,19.5,18.0,17.4,20.1
96,19.5,18.0,17.4,20.1,23.3
97,18.0,17.4,20.1,23.3,23.8
98,17.4,20.1,23.3,23.8,23.4
99,20.1,23.3,23.8,23.4,24.0
100,23.3,23.8,23.4,24.0,23.9
101,23.8,23.4,24.0,23.9,25.4
102,23.4,24.0,23.9,25.4,27.4
103,24.0,23.9,25.4,27.4,28.6
104,23.9,25.4,27.4,28.6,29.6
105,25.4,27.4,28.6,29.6,26.5
106,27.4,28.6,29.6,26.5,22.3
107,28.6,29.6,26.5,22.3,21.8
108,29.6,26.5,22.3,21.8,23.5
109,26.5,22.3,21.8,23.5,24.5
110,22.3,21.8,23.5,24.5,25.5
111,21.8,23.5,24.5,25.5,26.7
112,23.5,24.5,25.5,26.7,27.2
113,24.5,25.5,26.7,27.2,28.2
114,25.5,26.7,27.2,28.2,28.5
115,26.7,27.2,28.2,28.5,29.3
116,27.2,28.2,28.5,29.3,30.0
117,28.2,28.5,29.3,30.0,29.8
118,28.5,29.3,30.0,29.8,30.3
119,29.3,30.0,29.8,30.3,29.3
120,30.0,29.8,30.3,29.3,30.4
121,29.8,30.3,29.3,30.4,30.0
122,30.3,29.3,30.4,30.0,30.8
123,29.3,30.4,30.0,30.8,27.3
124,30.4,30.0,30.8,27.3,28.7
125,30.0,30.8,27.3,28.7,29.9
126,30.8,27.3,28.7,29.9,27.0
127,27.3,28.7,29.9,27.0,28.8
128,28.7,29.9,27.0,28.8,30.2
129,29.9,27.0,28.8,30.2,30.8
130,27.0,28.8,30.2,30.8,27.3
131,28.8,30.2,30.8,27.3,28.5
132,30.2,30.8,27.3,28.5,30.8
133,30.8,27.3,28.5,30.8,31.0
134,27.3,28.5,30.8,31.0,30.8
135,28.5,30.8,31.0,30.8,28.0
136,30.8,31.0,30.8,28.0,30.4
137,31.0,30.8,28.0,30.4,29.9
138,30.8,28.0,30.4,29.9,27.4
139,28.0,30.4,29.9,27.4,30.5
140,30.4,29.9,27.4,30.5,32.2
141,29.9,27.4,30.5,32.2,32.7
142,27.4,30.5,32.2,32.7,33.2
143,30.5,32.2,32.7,33.2,33.7
144,32.2,32.7,33.2,33.7,33.5
145,32.7,33.2,33.7,33.5,30.1
146,33.2,33.7,33.5,30.1,30.5
147,33.7,33.5,30.1,30.5,29.9
148,33.5,30.1,30.5,29.9,30.4
149,30.1,30.5,29.9,30.4,31.1
150,30.5,29.9,30.4,31.1,28.0
151,29.9,30.4,31.1,28.0,27.8
152,30.4,31.1,28.0,27.8,27.4
153,31.1,28.0,27.8,27.4,28.9
154,28.0,27.8,27.4,28.9,30.3
155,27.8,27.4,28.9,30.3,30.4
156,27.4,28.9,30.3,30.4,28.9
157,28.9,30.3,30.4,28.9,28.3
158,30.3,30.4,28.9,28.3,30.0
159,30.4,28.9,28.3,30.0,29.6
160,28.9,28.3,30.0,29.6,28.8
161,28.3,30.0,29.6,28.8,30.8
162,30.0,29.6,28.8,30.8,31.2
163,29.6,28.8,30.8,31.2,31.4
164,28.8,30.8,31.2,31.4,31.3
165,30.8,31.2,31.4,31.3,29.1
166,31.2,31.4,31.3,29.1,30.9
167,31.4,31.3,29.1,30.9,30.0
168,31.3,29.1,30.9,30.0,30.8
169,29.1,30.9,30.0,30.8,27.8
170,30.9,30.0,30.8,27.8,29.3
171,30.0,30.8,27.8,29.3,32.0
172,30.8,27.8,29.3,32.0,32.9
173,27.8,29.3,32.0,32.9,33.0
174,29.3,32.0,32.9,33.0,33.9
175,32.0,32.9,33.0,33.9,34.4
176,32.9,33.0,33.9,34.4,34.7
177,33.0,33.9,34.4,34.7,34.5
178,33.9,34.4,34.7,34.5,34.6
179,34.4,34.7,34.5,34.6,31.4
180,34.7,34.5,34.6,31.4,27.4
181,34.5,34.6,31.4,27.4,28.7
182,34.6,31.4,27.4,28.7,29.9
183,31.4,27.4,28.7,29.9,29.9
184,27.4,28.7,29.9,29.9,30.7
185,28.7,29.9,29.9,30.7,30.4
186,29.9,29.9,30.7,30.4,28.0
187,29.9,30.7,30.4,28.0,31.1
188,30.7,30.4,28.0,31.1,32.0
189,30.4,28.0,31.1,32.0,32.1
190,28.0,31.1,32.0,32.1,31.3
191,31.1,32.0,32.1,31.3,29.2
192,32.0,32.1,31.3,29.2,29.9
193,32.1,31.3,29.2,29.9,29.6
194,31.3,29.2,29.9,29.6,29.6
195,29.2,29.9,29.6,29.6,28.9
196,29.9,29.6,29.6,28.9,28.6
197,29.6,29.6,28.9,28.6,30.9
198,29.6,28.9,28.6,30.9,30.4
199,28.9,28.6,30.9,30.4,28.3
200,28.6,30.9,30.4,28.3,27.8
201,30.9,30.4,28.3,27.8,27.7
202,30.4,28.3,27.8,27.7,28.4
203,28.3,27.8,27.7,28.4,27.9
204,27.8,27.7,28.4,27.9,26.1
205,27.7,28.4,27.9,26.1,26.8
206,28.4,27.9,26.1,26.8,26.6
207,27.9,26.1,26.8,26.6,25.0
208,26.1,26.8,26.6,25.0,24.8
209,26.8,26.6,25.0,24.8,25.4
210,26.6,25.0,24.8,25.4,25.5
211,25.0,24.8,25.4,25.5,26.9
212,24.8,25.4,25.5,26.9,27.8
213,25.4,25.5,26.9,27.8,29.2
214,25.5,26.9,27.8,29.2,30.6
215,26.9,27.8,29.2,30.6,30.5
216,27.8,29.2,30.6,30.5,31.2
217,29.2,30.6,30.5,31.2,30.5
218,30.6,30.5,31.2,30.5,30.5
219,30.5,31.2,30.5,30.5,29.2
220,31.2,30.5,30.5,29.2,30.9
221,30.5,30.5,29.2,30.9,31.9
222,30.5,29.2,30.9,31.9,32.3
223,29.2,30.9,31.9,32.3,32.7
224,30.9,31.9,32.3,32.7,32.2
225,31.9,32.3,32.7,32.2,30.5
226,32.3,32.7,32.2,30.5,28.6
227,32.7,32.2,30.5,28.6,31.0
228,32.2,30.5,28.6,31.0,31.4
229,30.5,28.6,31.0,31.4,31.8
230,28.6,31.0,31.4,31.8,31.7
231,31.0,31.4,31.8,31.7,31.6
232,31.4,31.8,31.7,31.6,29.5
233,31.8,31.7,31.6,29.5,29.7
234,31.7,31.6,29.5,29.7,29.6
235,31.6,29.5,29.7,29.6,27.9
236,29.5,29.7,29.6,27.9,27.4
237,29.7,29.6,27.9,27.4,28.5
238,29.6,27.9,27.4,28.5,28.7
239,27.9,27.4,28.5,28.7,28.6
240,27.4,28.5,28.7,28.6,26.5
241,28.5,28.7,28.6,26.5,27.4
242,28.7,28.6,26.5,27.4,30.1
243,28.6,26.5,27.4,30.1,31.2
244,26.5,27.4,30.1,31.2,30.1
245,27.4,30.1,31.2,30.1,26.5
246,30.1,31.2,30.1,26.5,26.9
247,31.2,30.1,26.5,26.9,27.7
248,30.1,26.5,26.9,27.7,29.2
249,26.5,26.9,27.7,29.2,28.4
250,26.9,27.7,29.2,28.4,25.4
251,27.7,29.2,28.4,25.4,27.1
252,29.2,28.4,25.4,27.1,25.4
253,28.4,25.4,27.1,25.4,27.1
254,25.4,27.1,25.4,27.1,27.4
255,27.1,25.4,27.1,27.4,25.8
256,25.4,27.1,27.4,25.8,28.7
257,27.1,27.4,25.8,28.7,29.3
258,27.4,25.8,28.7,29.3,26.8
259,25.8,28.7,29.3,26.8,25.9
260,28.7,29.3,26.8,25.9,28.0
261,29.3,26.8,25.9,28.0,29.9
262,26.8,25.9,28.0,29.9,30.5
263,25.9,28.0,29.9,30.5,28.6
264,28.0,29.9,30.5,28.6,29.6
265,29.9,30.5,28.6,29.6,30.3
266,30.5,28.6,29.6,30.3,30.8
267,28.6,29.6,30.3,30.8,29.9
268,29.6,30.3,30.8,29.9,29.6
269,30.3,30.8,29.9,29.6,27.6
270,30.8,29.9,29.6,27.6,28.6
271,29.9,29.6,27.6,28.6,28.9
272,29.6,27.6,28.6,28.9,27.4
273,27.6,28.6,28.9,27.4,27.4
274,28.6,28.9,27.4,27.4,29.0
275,28.9,27.4,27.4,29.0,26.8
276,27.4,27.4,29.0,26.8,24.4
277,27.4,29.0,26.8,24.4,20.2
278,29.0,26.8,24.4,20.2,23.0
279,26.8,24.4,20.2,23.0,22.6
280,24.4,20.2,23.0,22.6,23.7
281,20.2,23.0,22.6,23.7,23.9
282,23.0,22.6,23.7,23.9,26.4
283,22.6,23.7,23.9,26.4,27.0
284,23.7,23.9,26.4,27.0,27.2
285,23.9,26.4,27.0,27.2,27.2
286,26.4,27.0,27.2,27.2,26.9
287,27.0,27.2,27.2,26.9,27.3
288,27.2,27.2,26.9,27.3,27.4
289,27.2,26.9,27.3,27.4,27.5
290,26.9,27.3,27.4,27.5,26.9
291,27.3,27.4,27.5,26.9,26.7
292,27.4,27.5,26.9,26.7,26.8
293,27.5,26.9,26.7,26.8,27.3
294,26.9,26.7,26.8,27.3,27.8
295,26.7,26.8,27.3,27.8,28.3
296,26.8,27.3,27.8,28.3,28.3
297,27.3,27.8,28.3,28.3,27.9
298,27.8,28.3,28.3,27.9,25.4
299,28.3,28.3,27.9,25.4,20.8
300,28.3,27.9,25.4,20.8,22.7
301,27.9,25.4,20.8,22.7,23.7
302,25.4,20.8,22.7,23.7,24.7
303,20.8,22.7,23.7,24.7,25.5
304,22.7,23.7,24.7,25.5,26.8
305,23.7,24.7,25.5,26.8,25.8
306,24.7,25.5,26.8,25.8,25.7
307,25.5,26.8,25.8,25.7,25.8
308,26.8,25.8,25.7,25.8,25.8
309,25.8,25.7,25.8,25.8,26.3
310,25.7,25.8,25.8,26.3,27.2
311,25.8,25.8,26.3,27.2,21.9
312,25.8,26.3,27.2,21.9,21.9
313,26.3,27.2,21.9,21.9,25.9
314,27.2,21.9,21.9,25.9,28.3
315,21.9,21.9,25.9,28.3,29.0
316,21.9,25.9,28.3,29.0,28.1
317,25.9,28.3,29.0,28.1,27.5
318,28.3,29.0,28.1,27.5,25.4
319,29.0,28.1,27.5,25.4,24.2
320,28.1,27.5,25.4,24.2,25.4
321,27.5,25.4,24.2,25.4,25.6
322,25.4,24.2,25.4,25.6,24.8
323,24.2,25.4,25.6,24.8,21.9
324,25.4,25.6,24.8,21.9,17.0
325,25.6,24.8,21.9,17.0,19.5
326,24.8,21.9,17.0,19.5,19.9
327,21.9,17.0,19.5,19.9,20.8
328,17.0,19.5,19.9,20.8,21.2
329,19.5,19.9,20.8,21.2,24.4
330,19.9,20.8,21.2,24.4,25.7
331,20.8,21.2,24.4,25.7,20.6
332,21.2,24.4,25.7,20.6,16.7
333,24.4,25.7,20.6,16.7,16.4
334,25.7,20.6,16.7,16.4,17.3
335,20.6,16.7,16.4,17.3,16.7
336,16.7,16.4,17.3,16.7,16.8
337,16.4,17.3,16.7,16.8,18.1
338,17.3,16.7,16.8,18.1,18.9
339,16.7,16.8,18.1,18.9,18.9
340,16.8,18.1,18.9,18.9,20.1
341,18.1,18.9,18.9,20.1,23.2
342,18.9,18.9,20.1,23.2,20.7
343,18.9,20.1,23.2,20.7,17.4
344,20.1,23.2,20.7,17.4,15.1
345,23.2,20.7,17.4,15.1,14.9
346,20.7,17.4,15.1,14.9,14.8
347,17.4,15.1,14.9,14.8,16.1
348,15.1,14.9,14.8,16.1,17.6
349,14.9,14.8,16.1,17.6,19.4
350,14.8,16.1,17.6,19.4,20.6
351,16.1,17.6,19.4,20.6,21.4
352,17.6,19.4,20.6,21.4,22.9
353,19.4,20.6,21.4,22.9,17.9
354,20.6,21.4,22.9,17.9,14.1
355,21.4,22.9,17.9,14.1,16.6
356,22.9,17.9,14.1,16.6,17.8
357,17.9,14.1,16.6,17.8,15.5
358,14.1,16.6,17.8,15.5,15.5
359,16.6,17.8,15.5,15.5,16.7
360,17.8,15.5,15.5,16.7,17.4
361,15.5,15.5,16.7,17.4,19.2
362,15.5,16.7,17.4,19.2,20.6
363,16.7,17.4,19.2,20.6,21.1
364,17.4,19.2,20.6,21.1,21.8
365,19.2,20.6,21.1,21.8,22.4
366,20.6,21.1,21.8,22.4,21.7
367,21.1,21.8,22.4,21.7,21.2
368,21.8,22.4,21.7,21.2,21.5
369,22.4,21.7,21.2,21.5,24.3
370,21.7,21.2,21.5,24.3,21.5
371,21.2,21.5,24.3,21.5,17.8
372,21.5,24.3,21.5,17.8,17.2
373,24.3,21.5,17.8,17.2,16.3
374,21.5,17.8,17.2,16.3,16.0
375,17.8,17.2,16.3,16.0,15.8
376,17.2,16.3,16.0,15.8,19.4
377,16.3,16.0,15.8,19.4,18.1
378,16.0,15.8,19.4,18.1,17.2
379,15.8,19.4,18.1,17.2,17.6
380,19.4,18.1,17.2,17.6,18.3
381,18.1,17.2,17.6,18.3,15.6
382,17.2,17.6,18.3,15.6,11.1
383,17.6,18.3,15.6,11.1,7.0
384,18.3,15.6,11.1,7.0,9.2
385,15.6,11.1,7.0,9.2,7.2
386,11.1,7.0,9.2,7.2,9.7
387,7.0,9.2,7.2,9.7,12.6
388,9.2,7.2,9.7,12.6,15.8
389,7.2,9.7,12.6,15.8,15.3
390,9.7,12.6,15.8,15.3,15.6
391,12.6,15.8,15.3,15.6,14.6
392,15.8,15.3,15.6,14.6,13.4
393,15.3,15.6,14.6,13.4,13.3
394,15.6,14.6,13.4,13.3,12.7
395,14.6,13.4,13.3,12.7,14.4
396,13.4,13.3,12.7,14.4,16.3
397,13.3,12.7,14.4,16.3,14.8
398,12.7,14.4,16.3,14.8,15.0
399,14.4,16.3,14.8,15.0,15.5
400,16.3,14.8,15.0,15.5,17.4
401,14.8,15.0,15.5,17.4,20.3
402,15.0,15.5,17.4,20.3,22.2
403,15.5,17.4,20.3,22.2,23.8
404,17.4,20.3,22.2,23.8,23.4
405,20.3,22.2,23.8,23.4,15.5
406,22.2,23.8,23.4,15.5,14.0
407,23.8,23.4,15.5,14.0,15.3
408,23.4,15.5,14.0,15.3,16.4
409,15.5,14.0,15.3,16.4,16.7
410,14.0,15.3,16.4,16.7,18.3
411,15.3,16.4,16.7,18.3,18.3
412,16.4,16.7,18.3,18.3,18.0
413,16.7,18.3,18.3,18.0,16.2
414,18.3,18.3,18.0,16.2,14.2
415,18.3,18.0,16.2,14.2,13.9
416,18.0,16.2,14.2,13.9,13.9
417,16.2,14.2,13.9,13.9,14.9
418,14.2,13.9,13.9,14.9,17.7
419,13.9,13.9,14.9,17.7,19.3
420,13.9,14.9,17.7,19.3,19.1
421,14.9,17.7,19.3,19.1,19.6
422,17.7,19.3,19.1,19.6,20.5
423,19.3,19.1,19.6,20.5,20.0
424,19.1,19.6,20.5,20.0,19.6
425,19.6,20.5,20.0,19.6,20.9
426,20.5,20.0,19.6,20.9,20.7
427,20.0,19.6,20.9,20.7,21.9
428,19.6,20.9,20.7,21.9,22.9
429,20.9,20.7,21.9,22.9,20.2
430,20.7,21.9,22.9,20.2,16.2
431,21.9,22.9,20.2,16.2,15.3
432,22.9,20.2,16.2,15.3,16.9
433,20.2,16.2,15.3,16.9,19.0
434,16.2,15.3,16.9,19.0,18.0
435,15.3,16.9,19.0,18.0,19.1
436,16.9,19.0,18.0,19.1,20.5
437,19.0,18.0,19.1,20.5,22.3
438,18.0,19.1,20.5,22.3,22.4
439,19.1,20.5,22.3,22.4,23.5
440,20.5,22.3,22.4,23.5,23.3
441,22.3,22.4,23.5,23.3,22.9
442,22.4,23.5,23.3,22.9,23.9
443,23.5,23.3,22.9,23.9,18.0
444,23.3,22.9,23.9,18.0,18.5
445,22.9,23.9,18.0,18.5,18.2
446,23.9,18.0,18.5,18.2,18.5
447,18.0,18.5,18.2,18.5,18.5
448,18.5,18.2,18.5,18.5,18.9
449,18.2,18.5,18.5,18.9,20.5
450,18.5,18.5,18.9,20.5,20.8
451,18.5,18.9,20.5,20.8,21.4
452,18.9,20.5,20.8,21.4,22.4
453,20.5,20.8,21.4,22.4,23.9
454,20.8,21.4,22.4,23.9,24.9
455,21.4,22.4,23.9,24.9,24.3
456,22.4,23.9,24.9,24.3,24.1
457,23.9,24.9,24.3,24.1,24.5
458,24.9,24.3,24.1,24.5,24.1
459,24.3,24.1,24.5,24.1,24.6
460,24.1,24.5,24.1,24.6,25.9
461,24.5,24.1,24.6,25.9,26.4
462,24.1,24.6,25.9,26.4,26.6
463,24.6,25.9,26.4,26.6,26.7
464,25.9,26.4,26.6,26.7,27.0
465,26.4,26.6,26.7,27.0,26.9
466,26.6,26.7,27.0,26.9,27.2
467,26.7,27.0,26.9,27.2,26.5
468,27.0,26.9,27.2,26.5,22.5
469,26.9,27.2,26.5,22.5,23.8
470,27.2,26.5,22.5,23.8,24.2
471,26.5,22.5,23.8,24.2,24.5
472,22.5,23.8,24.2,24.5,22.8
473,23.8,24.2,24.5,22.8,24.9
474,24.2,24.5,22.8,24.9,26.0
475,24.5,22.8,24.9,26.0,26.4
476,22.8,24.9,26.0,26.4,27.8
477,24.9,26.0,26.4,27.8,27.4
478,26.0,26.4,27.8,27.4,27.9
479,26.4,27.8,27.4,27.9,26.0
480,27.8,27.4,27.9,26.0,26.9
481,27.4,27.9,26.0,26.9,26.8
482,27.9,26.0,26.9,26.8,28.3
483,26.0,26.9,26.8,28.3,28.3
484,26.9,26.8,28.3,28.3,28.7
485,26.8,28.3,28.3,28.7,29.4
486,28.3,28.3,28.7,29.4,29.6
487,28.3,28.7,29.4,29.6,29.4
488,28.7,29.4,29.6,29.4,28.8
489,29.4,29.6,29.4,28.8,29.4
490,29.6,29.4,28.8,29.4,27.5
491,29.4,28.8,29.4,27.5,28.4
492,28.8,29.4,27.5,28.4,27.4
493,29.4,27.5,28.4,27.4,27.7
494,27.5,28.4,27.4,27.7,28.0
495,28.4,27.4,27.7,28.0,27.4
496,27.4,27.7,28.0,27.4,26.9
497,27.7,28.0,27.4,26.9,26.2
498,28.0,27.4,26.9,26.2,27.3
499,27.4,26.9,26.2,27.3,29.3
500,26.9,26.2,27.3,29.3,30.3
501,26.2,27.3,29.3,30.3,29.0
502,27.3,29.3,30.3,29.0,27.8
503,29.3,30.3,29.0,27.8,28.2
504,30.3,29.0,27.8,28.2,25.9
505,29.0,27.8,28.2,25.9,26.8
506,27.8,28.2,25.9,26.8,28.9
507,28.2,25.9,26.8,28.9,29.0
508,25.9,26.8,28.9,29.0,28.9
509,26.8,28.9,29.0,28.9,28.9
510,28.9,29.0,28.9,28.9,27.9
511,29.0,28.9,28.9,27.9,31.0
512,28.9,28.9,27.9,31.0,32.6
513,28.9,27.9,31.0,32.6,33.3
514,27.9,31.0,32.6,33.3,33.3
515,31.0,32.6,33.3,33.3,31.4
516,32.6,33.3,33.3,31.4,30.0
517,33.3,33.3,31.4,30.0,30.1
518,33.3,31.4,30.0,30.1,29.1
519,31.4,30.0,30.1,29.1,28.2
520,30.0,30.1,29.1,28.2,30.0
521,30.1,29.1,28.2,30.0,30.1
522,29.1,28.2,30.0,30.1,32.3
523,28.2,30.0,30.1,32.3,32.9
524,30.0,30.1,32.3,32.9,33.1
525,30.1,32.3,32.9,33.1,33.9
526,32.3,32.9,33.1,33.9,34.0
527,32.9,33.1,33.9,34.0,27.2
528,33.1,33.9,34.0,27.2,29.2
529,33.9,34.0,27.2,29.2,29.5
530,34.0,27.2,29.2,29.5,29.8
531,27.2,29.2,29.5,29.8,30.8
532,29.2,29.5,29.8,30.8,31.1
533,29.5,29.8,30.8,31.1,30.7
534,29.8,30.8,31.1,30.7,29.4
535,30.8,31.1,30.7,29.4,30.3
536,31.1,30.7,29.4,30.3,30.7
537,30.7,29.4,30.3,30.7,31.3
538,29.4,30.3,30.7,31.3,29.6
539,30.3,30.7,31.3,29.6,30.9
540,30.7,31.3,29.6,30.9,29.5
541,31.3,29.6,30.9,29.5,28.3
542,29.6,30.9,29.5,28.3,30.1
543,30.9,29.5,28.3,30.1,29.0
544,29.5,28.3,30.1,29.0,30.0
545,28.3,30.1,29.0,30.0,30.7
546,30.1,29.0,30.0,30.7,27.9
547,29.0,30.0,30.7,27.9,27.0
548,30.0,30.7,27.9,27.0,28.4
549,30.7,27.9,27.0,28.4,30.2
550,27.9,27.0,28.4,30.2,31.9
551,27.0,28.4,30.2,31.9,33.0
552,28.4,30.2,31.9,33.0,32.6
553,30.2,31.9,33.0,32.6,28.6
554,31.9,33.0,32.6,28.6,28.9
555,33.0,32.6,28.6,28.9,28.7
556,32.6,28.6,28.9,28.7,30.1
557,28.6,28.9,28.7,30.1,31.3
558,28.9,28.7,30.1,31.3,30.9
559,28.7,30.1,31.3,30.9,32.7
560,30.1,31.3,30.9,32.7,31.5
561,31.3,30.9,32.7,31.5,31.3
562,30.9,32.7,31.5,31.3,30.6
563,32.7,31.5,31.3,30.6,29.5
564,31.5,31.3,30.6,29.5,29.9
565,31.3,30.6,29.5,29.9,29.8
566,30.6,29.5,29.9,29.8,31.8
567,29.5,29.9,29.8,31.8,32.2
568,29.9,29.8,31.8,32.2,29.9
569,29.8,31.8,32.2,29.9,25.8
570,31.8,32.2,29.9,25.8,28.1
571,32.2,29.9,25.8,28.1,28.9
572,29.9,25.8,28.1,28.9,30.7
573,25.8,28.1,28.9,30.7,31.8
574,28.1,28.9,30.7,31.8,31.8
575,28.9,30.7,31.8,31.8,27.2
576,30.7,31.8,31.8,27.2,27.8
577,31.8,31.8,27.2,27.8,28.8
578,31.8,27.2,27.8,28.8,30.5
579,27.2,27.8,28.8,30.5,31.2
580,27.8,28.8,30.5,31.2,31.1
581,28.8,30.5,31.2,31.1,31.7
582,30.5,31.2,31.1,31.7,30.1
583,31.2,31.1,31.7,30.1,29.1
584,31.1,31.7,30.1,29.1,28.8
585,31.7,30.1,29.1,28.8,28.1
586,30.1,29.1,28.8,28.1,27.3
587,29.1,28.8,28.1,27.3,27.7
588,28.8,28.1,27.3,27.7,28.1
589,28.1,27.3,27.7,28.1,28.8
590,27.3,27.7,28.1,28.8,29.1
591,27.7,28.1,28.8,29.1,27.0
592,28.1,28.8,29.1,27.0,27.7
593,28.8,29.1,27.0,27.7,28.7
594,29.1,27.0,27.7,28.7,27.2
595,27.0,27.7,28.7,27.2,28.5
596,27.7,28.7,27.2,28.5,30.2
597,28.7,27.2,28.5,30.2,31.3
598,27.2,28.5,30.2,31.3,31.4
599,28.5,30.2,31.3,31.4,29.3
600,30.2,31.3,31.4,29.3,26.0
601,31.3,31.4,29.3,26.0,27.3
602,31.4,29.3,26.0,27.3,28.9
603,29.3,26.0,27.3,28.9,30.2
604,26.0,27.3,28.9,30.2,30.0
605,27.3,28.9,30.2,30.0,28.5
606,28.9,30.2,30.0,28.5,30.0
607,30.2,30.0,28.5,30.0,30.0
608,30.0,28.5,30.0,30.0,29.9
609,28.5,30.0,30.0,29.9,27.7
610,30.0,30.0,29.9,27.7,27.1
611,30.0,29.9,27.7,27.1,27.7
612,29.9,27.7,27.1,27.7,29.9
613,27.7,27.1,27.7,29.9,27.4
614,27.1,27.7,29.9,27.4,26.2
615,27.7,29.9,27.4,26.2,27.0
616,29.9,27.4,26.2,27.0,28.4
617,27.4,26.2,27.0,28.4,29.8
618,26.2,27.0,28.4,29.8,29.9
619,27.0,28.4,29.8,29.9,30.2
620,28.4,29.8,29.9,30.2,29.7
621,29.8,29.9,30.2,29.7,29.6
622,29.9,30.2,29.7,29.6,30.1
623,30.2,29.7,29.6,30.1,29.0
624,29.7,29.6,30.1,29.0,29.3
625,29.6,30.1,29.0,29.3,28.5
626,30.1,29.0,29.3,28.5,28.2
627,29.0,29.3,28.5,28.2,26.5
628,29.3,28.5,28.2,26.5,28.1
629,28.5,28.2,26.5,28.1,29.3
630,28.2,26.5,28.1,29.3,30.5
631,26.5,28.1,29.3,30.5,30.9
632,28.1,29.3,30.5,30.9,30.8
633,29.3,30.5,30.9,30.8,29.2
634,30.5,30.9,30.8,29.2,28.1
635,30.9,30.8,29.2,28.1,28.2
636,30.8,29.2,28.1,28.2,28.9
637,29.2,28.1,28.2,28.9,29.8
638,28.1,28.2,28.9,29.8,28.0
639,28.2,28.9,29.8,28.0,29.1
640,28.9,29.8,28.0,29.1,28.5
641,29.8,28.0,29.1,28.5,28.8
642,28.0,29.1,28.5,28.8,29.5
643,29.1,28.5,28.8,29.5,28.9
644,28.5,28.8,29.5,28.9,28.5
645,28.8,29.5,28.9,28.5,29.1
646,29.5,28.9,28.5,29.1,25.7
647,28.9,28.5,29.1,25.7,25.9
648,28.5,29.1,25.7,25.9,24.5
649,29.1,25.7,25.9,24.5,27.7
650,25.7,25.9,24.5,27.7,28.8
651,25.9,24.5,27.7,28.8,28.9
652,24.5,27.7,28.8,28.9,27.9
653,27.7,28.8,28.9,27.9,28.2
654,28.8,28.9,27.9,28.2,28.7
655,28.9,27.9,28.2,28.7,29.6
656,27.9,28.2,28.7,29.6,29.0
657,28.2,28.7,29.6,29.0,28.9
658,28.7,29.6,29.0,28.9,26.3
659,29.6,29.0,28.9,26.3,27.8
660,29.0,28.9,26.3,27.8,28.2
661,28.9,26.3,27.8,28.2,28.1
662,26.3,27.8,28.2,28.1,27.7
663,27.8,28.2,28.1,27.7,22.3
664,28.2,28.1,27.7,22.3,21.5
665,28.1,27.7,22.3,21.5,22.2
666,27.7,22.3,21.5,22.2,22.1
667,22.3,21.5,22.2,22.1,22.8
668,21.5,22.2,22.1,22.8,23.3
669,22.2,22.1,22.8,23.3,24.3
670,22.1,22.8,23.3,24.3,25.1
671,22.8,23.3,24.3,25.1,25.5
672,23.3,24.3,25.1,25.5,23.4
673,24.3,25.1,25.5,23.4,16.9
674,25.1,25.5,23.4,16.9,16.2
675,25.5,23.4,16.9,16.2,19.2
676,23.4,16.9,16.2,19.2,21.8
677,16.9,16.2,19.2,21.8,24.2
678,16.2,19.2,21.8,24.2,26.1
679,19.2,21.8,24.2,26.1,26.8
680,21.8,24.2,26.1,26.8,26.1
681,24.2,26.1,26.8,26.1,25.6
682,26.1,26.8,26.1,25.6,25.7
683,26.8,26.1,25.6,25.7,26.5
684,26.1,25.6,25.7,26.5,26.8
685,25.6,25.7,26.5,26.8,27.4
686,25.7,26.5,26.8,27.4,27.4
687,26.5,26.8,27.4,27.4,26.6
688,26.8,27.4,27.4,26.6,18.5
689,27.4,27.4,26.6,18.5,18.3
690,27.4,26.6,18.5,18.3,18.4
691,26.6,18.5,18.3,18.4,19.4
692,18.5,18.3,18.4,19.4,18.7
693,18.3,18.4,19.4,18.7,19.4
694,18.4,19.4,18.7,19.4,20.9
695,19.4,18.7,19.4,20.9,19.8
696,18.7,19.4,20.9,19.8,21.3
697,19.4,20.9,19.8,21.3,21.9
698,20.9,19.8,21.3,21.9,22.9
699,19.8,21.3,21.9,22.9,23.2
700,21.3,21.9,22.9,23.2,23.3
701,21.9,22.9,23.2,23.3,20.2
702,22.9,23.2,23.3,20.2,20.3
703,23.2,23.3,20.2,20.3,20.6
704,23.3,20.2,20.3,20.6,20.4
705,20.2,20.3,20.6,20.4,20.8
706,20.3,20.6,20.4,20.8,23.6
707,20.6,20.4,20.8,23.6,24.8
708,20.4,20.8,23.6,24.8,21.9
709,20.8,23.6,24.8,21.9,17.2
710,23.6,24.8,21.9,17.2,18.1
711,24.8,21.9,17.2,18.1,18.4
712,21.9,17.2,18.1,18.4,19.3
713,17.2,18.1,18.4,19.3,21.2
714,18.1,18.4,19.3,21.2,23.1
715,18.4,19.3,21.2,23.1,24.6
716,19.3,21.2,23.1,24.6,21.3
717,21.2,23.1,24.6,21.3,21.3
718,23.1,24.6,21.3,21.3,21.6
719,24.6,21.3,21.3,21.6,23.1
720,21.3,21.3,21.6,23.1,24.1
721,21.3,21.6,23.1,24.1,19.3
722,21.6,23.1,24.1,19.3,17.3
723,23.1,24.1,19.3,17.3,17.4
724,24.1,19.3,17.3,17.4,17.8
725,19.3,17.3,17.4,17.8,18.6
726,17.3,17.4,17.8,18.6,18.0
727,17.4,17.8,18.6,18.0,20.0
728,17.8,18.6,18.0,20.0,22.5
729,18.6,18.0,20.0,22.5,22.4
730,18.0,20.0,22.5,22.4,20.5
731,20.0,22.5,22.4,20.5,21.1
732,22.5,22.4,20.5,21.1,22.6
733,22.4,20.5,21.1,22.6,22.5
734,20.5,21.1,22.6,22.5,22.8
735,21.1,22.6,22.5,22.8,20.8
736,22.6,22.5,22.8,20.8,20.3
737,22.5,22.8,20.8,20.3,14.4
738,22.8,20.8,20.3,14.4,14.7
739,20.8,20.3,14.4,14.7,16.2
740,20.3,14.4,14.7,16.2,16.7
741,14.4,14.7,16.2,16.7,15.9
742,14.7,16.2,16.7,15.9,16.5
743,16.2,16.7,15.9,16.5,17.7
744,16.7,15.9,16.5,17.7,19.0
745,15.9,16.5,17.7,19.0,17.9
746,16.5,17.7,19.0,17.9,15.7
747,17.7,19.0,17.9,15.7,17.2
748,19.0,17.9,15.7,17.2,17.8
749,17.9,15.7,17.2,17.8,18.8
750,15.7,17.2,17.8,18.8,21.3
751,17.2,17.8,18.8,21.3,20.8
752,17.8,18.8,21.3,20.8,20.1
753,18.8,21.3,20.8,20.1,20.6
754,21.3,20.8,20.1,20.6,21.0
755,20.8,20.1,20.6,21.0,21.3
756,20.1,20.6,21.0,21.3,20.4
757,20.6,21.0,21.3,20.4,20.9
758,21.0,21.3,20.4,20.9,21.2
759,21.3,20.4,20.9,21.2,20.7
760,20.4,20.9,21.2,20.7,21.1
761,20.9,21.2,20.7,21.1,21.0
762,21.2,20.7,21.1,21.0,20.4
763,20.7,21.1,21.0,20.4,22.0
764,21.1,21.0,20.4,22.0,21.5
765,21.0,20.4,22.0,21.5,17.3
766,20.4,22.0,21.5,17.3,15.9
767,22.0,21.5,17.3,15.9,15.8
768,21.5,17.3,15.9,15.8,16.8
769,17.3,15.9,15.8,16.8,17.4
770,15.9,15.8,16.8,17.4,18.0
771,15.8,16.8,17.4,18.0,19.0
772,16.8,17.4,18.0,19.0,21.7
773,17.4,18.0,19.0,21.7,22.0
774,18.0,19.0,21.7,22.0,22.0
775,19.0,21.7,22.0,22.0,21.6
776,21.7,22.0,22.0,21.6,22.7
777,22.0,22.0,21.6,22.7,23.7
778,22.0,21.6,22.7,23.7,25.2
779,21.6,22.7,23.7,25.2,20.3
780,22.7,23.7,25.2,20.3,15.9
781,23.7,25.2,20.3,15.9,14.5
782,25.2,20.3,15.9,14.5,17.0
783,20.3,15.9,14.5,17.0,18.6
784,15.9,14.5,17.0,18.6,18.3
785,14.5,17.0,18.6,18.3,16.6
786,17.0,18.6,18.3,16.6,19.7
787,18.6,18.3,16.6,19.7,20.2
788,18.3,16.6,19.7,20.2,21.4
789,16.6,19.7,20.2,21.4,22.8
790,19.7,20.2,21.4,22.8,22.0
791,20.2,21.4,22.8,22.0,17.3
792,21.4,22.8,22.0,17.3,16.6
793,22.8,22.0,17.3,16.6,16.7
794,22.0,17.3,16.6,16.7,19.1
795,17.3,16.6,16.7,19.1,20.4
796,16.6,16.7,19.1,20.4,22.5
797,16.7,19.1,20.4,22.5,24.1
798,19.1,20.4,22.5,24.1,24.7
799,20.4,22.5,24.1,24.7,19.6
800,22.5,24.1,24.7,19.6,20.1
801,24.1,24.7,19.6,20.1,20.4
802,24.7,19.6,20.1,20.4,23.1
803,19.6,20.1,20.4,23.1,23.9
804,20.1,20.4,23.1,23.9,24.9
805,20.4,23.1,23.9,24.9,24.9
806,23.1,23.9,24.9,24.9,25.5
807,23.9,24.9,24.9,25.5,26.2
808,24.9,24.9,25.5,26.2,26.0
809,24.9,25.5,26.2,26.0,22.3
810,25.5,26.2,26.0,22.3,18.9
811,26.2,26.0,22.3,18.9,19.2
812,26.0,22.3,18.9,19.2,20.9
813,22.3,18.9,19.2,20.9,22.1
814,18.9,19.2,20.9,22.1,24.4
815,19.2,20.9,22.1,24.4,21.1
816,20.9,22.1,24.4,21.1,21.6
817,22.1,24.4,21.1,21.6,21.6
818,24.4,21.1,21.6,21.6,22.8
819,21.1,21.6,21.6,22.8,23.1
820,21.6,21.6,22.8,23.1,23.4
821,21.6,22.8,23.1,23.4,24.7
822,22.8,23.1,23.4,24.7,25.2
823,23.1,23.4,24.7,25.2,25.0
824,23.4,24.7,25.2,25.0,26.4
825,24.7,25.2,25.0,26.4,27.6
826,25.2,25.0,26.4,27.6,28.7
827,25.0,26.4,27.6,28.7,22.9
828,26.4,27.6,28.7,22.9,23.5
829,27.6,28.7,22.9,23.5,23.7
830,28.7,22.9,23.5,23.7,24.7
831,22.9,23.5,23.7,24.7,25.9
832,23.5,23.7,24.7,25.9,26.3
833,23.7,24.7,25.9,26.3,22.5
834,24.7,25.9,26.3,22.5,26.2
835,25.9,26.3,22.5,26.2,28.9
836,26.3,22.5,26.2,28.9,27.8
837,22.5,26.2,28.9,27.8,22.7
838,26.2,28.9,27.8,22.7,21.4
839,28.9,27.8,22.7,21.4,22.7
840,27.8,22.7,21.4,22.7,25.3
841,22.7,21.4,22.7,25.3,27.1
842,21.4,22.7,25.3,27.1,23.7
843,22.7,25.3,27.1,23.7,24.0
844,25.3,27.1,23.7,24.0,25.0
845,27.1,23.7,24.0,25.0,24.8
846,23.7,24.0,25.0,24.8,28.0
847,24.0,25.0,24.8,28.0,28.6
848,25.0,24.8,28.0,28.6,28.8
849,24.8,28.0,28.6,28.8,29.5
850,28.0,28.6,28.8,29.5,28.1
851,28.6,28.8,29.5,28.1,26.9
852,28.8,29.5,28.1,26.9,28.4
853,29.5,28.1,26.9,28.4,29.0
854,28.1,26.9,28.4,29.0,28.0
855,26.9,28.4,29.0,28.0,28.5
856,28.4,29.0,28.0,28.5,28.6
857,29.0,28.0,28.5,28.6,26.0
858,28.0,28.5,28.6,26.0,27.4
859,28.5,28.6,26.0,27.4,28.3
860,28.6,26.0,27.4,28.3,28.1
861,26.0,27.4,28.3,28.1,28.9
862,27.4,28.3,28.1,28.9,25.5
863,28.3,28.1,28.9,25.5,22.3
864,28.1,28.9,25.5,22.3,21.7
865,28.9,25.5,22.3,21.7,26.0
866,25.5,22.3,21.7,26.0,26.6
867,22.3,21.7,26.0,26.6,29.0
868,21.7,26.0,26.6,29.0,30.1
869,26.0,26.6,29.0,30.1,27.6
870,26.6,29.0,30.1,27.6,26.8
871,29.0,30.1,27.6,26.8,27.5
872,30.1,27.6,26.8,27.5,27.4
873,27.6,26.8,27.5,27.4,28.0
874,26.8,27.5,27.4,28.0,28.6
875,27.5,27.4,28.0,28.6,29.0
876,27.4,28.0,28.6,29.0,29.9
877,28.0,28.6,29.0,29.9,32.3
878,28.6,29.0,29.9,32.3,34.3
879,29.0,29.9,32.3,34.3,35.3
880,29.9,32.3,34.3,35.3,35.5
881,32.3,34.3,35.3,35.5,34.6
882,34.3,35.3,35.5,34.6,30.0
883,35.3,35.5,34.6,30.0,26.3
884,35.5,34.6,30.0,26.3,29.0
885,34.6,30.0,26.3,29.0,29.1
886,30.0,26.3,29.0,29.1,29.0
887,26.3,29.0,29.1,29.0,29.7
888,29.0,29.1,29.0,29.7,30.2
889,29.1,29.0,29.7,30.2,28.7
890,29.0,29.7,30.2,28.7,27.9
891,29.7,30.2,28.7,27.9,29.8
892,30.2,28.7,27.9,29.8,30.6
893,28.7,27.9,29.8,30.6,27.6
894,27.9,29.8,30.6,27.6,27.7
895,29.8,30.6,27.6,27.7,28.4
896,30.6,27.6,27.7,28.4,28.8
897,27.6,27.7,28.4,28.8,30.1
898,27.7,28.4,28.8,30.1,30.8
899,28.4,28.8,30.1,30.8,30.5
900,28.8,30.1,30.8,30.5,31.0
901,30.1,30.8,30.5,31.0,29.4
902,30.8,30.5,31.0,29.4,29.1
903,30.5,31.0,29.4,29.1,29.9
904,31.0,29.4,29.1,29.9,28.2
905,29.4,29.1,29.9,28.2,27.5
906,29.1,29.9,28.2,27.5,28.9
907,29.9,28.2,27.5,28.9,29.8
908,28.2,27.5,28.9,29.8,29.9
909,27.5,28.9,29.8,29.9,28.8
910,28.9,29.8,29.9,28.8,28.6
911,29.8,29.9,28.8,28.6,28.7
912,29.9,28.8,28.6,28.7,29.2
913,28.8,28.6,28.7,29.2,28.7
914,28.6,28.7,29.2,28.7,27.5
915,28.7,29.2,28.7,27.5,29.4
916,29.2,28.7,27.5,29.4,28.4
917,28.7,27.5,29.4,28.4,27.4
918,27.5,29.4,28.4,27.4,27.4
919,29.4,28.4,27.4,27.4,28.3
920,28.4,27.4,27.4,28.3,28.5
921,27.4,27.4,28.3,28.5,27.8
922,27.4,28.3,28.5,27.8,28.5
923,28.3,28.5,27.8,28.5,26.6
924,28.5,27.8,28.5,26.6,27.3
925,27.8,28.5,26.6,27.3,27.3
926,28.5,26.6,27.3,27.3,26.6
927,26.6,27.3,27.3,26.6,27.0
928,27.3,27.3,26.6,27.0,28.3
929,27.3,26.6,27.0,28.3,29.4
930,26.6,27.0,28.3,29.4,29.3
931,27.0,28.3,29.4,29.3,27.9
932,28.3,29.4,29.3,27.9,29.5
933,29.4,29.3,27.9,29.5,30.7
934,29.3,27.9,29.5,30.7,30.3
935,27.9,29.5,30.7,30.3,31.2
936,29.5,30.7,30.3,31.2,32.4
937,30.7,30.3,31.2,32.4,31.9
938,30.3,31.2,32.4,31.9,29.1
939,31.2,32.4,31.9,29.1,29.3
940,32.4,31.9,29.1,29.3,27.7
941,31.9,29.1,29.3,27.7,27.6
942,29.1,29.3,27.7,27.6,27.9
943,29.3,27.7,27.6,27.9,30.0
944,27.7,27.6,27.9,30.0,30.9
945,27.6,27.9,30.0,30.9,32.2
946,27.9,30.0,30.9,32.2,32.5
947,30.0,30.9,32.2,32.5,30.4
948,30.9,32.2,32.5,30.4,32.0
949,32.2,32.5,30.4,32.0,31.2
950,32.5,30.4,32.0,31.2,30.8
951,30.4,32.0,31.2,30.8,30.0
952,32.0,31.2,30.8,30.0,26.1
953,31.2,30.8,30.0,26.1,26.8
954,30.8,30.0,26.1,26.8,26.1
955,30.0,26.1,26.8,26.1,27.0
956,26.1,26.8,26.1,27.0,28.2
957,26.8,26.1,27.0,28.2,29.7
958,26.1,27.0,28.2,29.7,30.1
959,27.0,28.2,29.7,30.1,31.1
960,28.2,29.7,30.1,31.1,30.0
961,29.7,30.1,31.1,30.0,26.5
962,30.1,31.1,30.0,26.5,27.6
963,31.1,30.0,26.5,27.6,27.7
964,30.0,26.5,27.6,27.7,28.7
965,26.5,27.6,27.7,28.7,29.4
966,27.6,27.7,28.7,29.4,26.8
967,27.7,28.7,29.4,26.8,26.4
968,28.7,29.4,26.8,26.4,29.3
969,29.4,26.8,26.4,29.3,29.9
970,26.8,26.4,29.3,29.9,30.7
971,26.4,29.3,29.9,30.7,29.0
972,29.3,29.9,30.7,29.0,28.4
973,29.9,30.7,29.0,28.4,29.2
974,30.7,29.0,28.4,29.2,29.4
975,29.0,28.4,29.2,29.4,28.0
976,28.4,29.2,29.4,28.0,27.2
977,29.2,29.4,28.0,27.2,27.6
978,29.4,28.0,27.2,27.6,27.7
979,28.0,27.2,27.6,27.7,27.7
980,27.2,27.6,27.7,27.7,28.2
981,27.6,27.7,27.7,28.2,29.3
982,27.7,27.7,28.2,29.3,29.1
983,27.7,28.2,29.3,29.1,27.5
984,28.2,29.3,29.1,27.5,25.4
985,29.3,29.1,27.5,25.4,28.3
986,29.1,27.5,25.4,28.3,30.1
987,27.5,25.4,28.3,30.1,30.8
988,25.4,28.3,30.1,30.8,29.6
989,28.3,30.1,30.8,29.6,29.8
990,30.1,30.8,29.6,29.8,28.5
991,30.8,29.6,29.8,28.5,28.7
992,29.6,29.8,28.5,28.7,29.8
993,29.8,28.5,28.7,29.8,27.3
994,28.5,28.7,29.8,27.3,28.5
995,28.7,29.8,27.3,28.5,29.5
996,29.8,27.3,28.5,29.5,30.3
997,27.3,28.5,29.5,30.3,28.8
998,28.5,29.5,30.3,28.8,28.0
999,29.5,30.3,28.8,28.0,29.0
1000,30.3,28.8,28.0,29.0,29.2
1001,28.8,28.0,29.0,29.2,27.0
1002,28.0,29.0,29.2,27.0,27.3
1003,29.0,29.2,27.0,27.3,27.0
1004,29.2,27.0,27.3,27.0,27.1
1005,27.0,27.3,27.0,27.1,25.9
1006,27.3,27.0,27.1,25.9,27.4
1007,27.0,27.1,25.9,27.4,28.3
1008,27.1,25.9,27.4,28.3,26.9
1009,25.9,27.4,28.3,26.9,25.7
1010,27.4,28.3,26.9,25.7,26.6
1011,28.3,26.9,25.7,26.6,25.9
1012,26.9,25.7,26.6,25.9,26.7
1013,25.7,26.6,25.9,26.7,26.4
1014,26.6,25.9,26.7,26.4,21.9
1015,25.9,26.7,26.4,21.9,21.6
1016,26.7,26.4,21.9,21.6,20.9
1017,26.4,21.9,21.6,20.9,23.6
1018,21.9,21.6,20.9,23.6,25.9
1019,21.6,20.9,23.6,25.9,25.5
1020,20.9,23.6,25.9,25.5,24.7
1021,23.6,25.9,25.5,24.7,24.0
1022,25.9,25.5,24.7,24.0,23.7
1023,25.5,24.7,24.0,23.7,25.0
1024,24.7,24.0,23.7,25.0,25.5
1025,24.0,23.7,25.0,25.5,25.9
1026,23.7,25.0,25.5,25.9,26.6
1027,25.0,25.5,25.9,26.6,25.9
1028,25.5,25.9,26.6,25.9,23.2
1029,25.9,26.6,25.9,23.2,22.2
1030,26.6,25.9,23.2,22.2,22.3
1031,25.9,23.2,22.2,22.3,23.4
1032,23.2,22.2,22.3,23.4,24.6
1033,22.2,22.3,23.4,24.6,25.0
1034,22.3,23.4,24.6,25.0,22.6
1035,23.4,24.6,25.0,22.6,22.8
1036,24.6,25.0,22.6,22.8,22.0
1037,25.0,22.6,22.8,22.0,24.1
1038,22.6,22.8,22.0,24.1,22.0
1039,22.8,22.0,24.1,22.0,24.7
1040,22.0,24.1,22.0,24.7,25.6
1041,24.1,22.0,24.7,25.6,25.1
1042,22.0,24.7,25.6,25.1,25.9
1043,24.7,25.6,25.1,25.9,26.2
1044,25.6,25.1,25.9,26.2,25.9
1045,25.1,25.9,26.2,25.9,26.3
1046,25.9,26.2,25.9,26.3,27.7
1047,26.2,25.9,26.3,27.7,25.4
1048,25.9,26.3,27.7,25.4,20.3
1049,26.3,27.7,25.4,20.3,19.4
1050,27.7,25.4,20.3,19.4,18.3
1051,25.4,20.3,19.4,18.3,18.1
1052,20.3,19.4,18.3,18.1,17.5
1053,19.4,18.3,18.1,17.5,15.4
1054,18.3,18.1,17.5,15.4,15.1
1055,18.1,17.5,15.4,15.1,17.4
1056,17.5,15.4,15.1,17.4,18.7
1057,15.4,15.1,17.4,18.7,21.8
1058,15.1,17.4,18.7,21.8,22.5
1059,17.4,18.7,21.8,22.5,23.7
1060,18.7,21.8,22.5,23.7,21.8
1061,21.8,22.5,23.7,21.8,20.7
1062,22.5,23.7,21.8,20.7,20.5
1063,23.7,21.8,20.7,20.5,21.3
1064,21.8,20.7,20.5,21.3,20.1
1065,20.7,20.5,21.3,20.1,19.8
1066,20.5,21.3,20.1,19.8,19.8
1067,21.3,20.1,19.8,19.8,18.7
1068,20.1,19.8,19.8,18.7,17.5
1069,19.8,19.8,18.7,17.5,17.3
1070,19.8,18.7,17.5,17.3,17.3
1071,18.7,17.5,17.3,17.3,15.3
1072,17.5,17.3,17.3,15.3,15.7
1073,17.3,17.3,15.3,15.7,16.4
1074,17.3,15.3,15.7,16.4,16.7
1075,15.3,15.7,16.4,16.7,17.7
1076,15.7,16.4,16.7,17.7,15.3
1077,16.4,16.7,17.7,15.3,14.7
1078,16.7,17.7,15.3,14.7,15.6
1079,17.7,15.3,14.7,15.6,15.3
1080,15.3,14.7,15.6,15.3,16.8
1081,14.7,15.6,15.3,16.8,17.1
1082,15.6,15.3,16.8,17.1,16.8
1083,15.3,16.8,17.1,16.8,18.8
1084,16.8,17.1,16.8,18.8,17.4
1085,17.1,16.8,18.8,17.4,17.0
1086,16.8,18.8,17.4,17.0,15.2
1087,18.8,17.4,17.0,15.2,16.0
1088,17.4,17.0,15.2,16.0,17.7
1089,17.0,15.2,16.0,17.7,18.1
1090,15.2,16.0,17.7,18.1,17.6
1091,16.0,17.7,18.1,17.6,17.4
1092,17.7,18.1,17.6,17.4,17.6
1093,18.1,17.6,17.4,17.6,19.4
1094,17.6,17.4,17.6,19.4,19.6
1095,17.4,17.6,19.4,19.6,20.5
1096,17.6,19.4,19.6,20.5,20.3
1097,19.4,19.6,20.5,20.3,20.4
1098,19.6,20.5,20.3,20.4,17.5
1099,20.5,20.3,20.4,17.5,11.9
1100,20.3,20.4,17.5,11.9,13.9
1101,20.4,17.5,11.9,13.9,14.6
1102,17.5,11.9,13.9,14.6,15.3
1103,11.9,13.9,14.6,15.3,15.4
1104,13.9,14.6,15.3,15.4,15.7
1105,14.6,15.3,15.4,15.7,17.1
1106,15.3,15.4,15.7,17.1,17.6
1107,15.4,15.7,17.1,17.6,19.5
1108,15.7,17.1,17.6,19.5,19.4
1109,17.1,17.6,19.5,19.4,21.8
1110,17.6,19.5,19.4,21.8,19.9
1111,19.5,19.4,21.8,19.9,20.7
1112,19.4,21.8,19.9,20.7,21.4
1113,21.8,19.9,20.7,21.4,21.4
1114,19.9,20.7,21.4,21.4,21.6
1115,20.7,21.4,21.4,21.6,23.2
1116,21.4,21.4,21.6,23.2,21.3
1117,21.4,21.6,23.2,21.3,17.9
1118,21.6,23.2,21.3,17.9,14.6
1119,23.2,21.3,17.9,14.6,12.2
1120,21.3,17.9,14.6,12.2,11.3
1121,17.9,14.6,12.2,11.3,11.9
1122,14.6,12.2,11.3,11.9,14.0
1123,12.2,11.3,11.9,14.0,13.8
1124,11.3,11.9,14.0,13.8,14.2
1125,11.9,14.0,13.8,14.2,13.8
1126,14.0,13.8,14.2,13.8,12.7
1127,13.8,14.2,13.8,12.7,13.3
1128,14.2,13.8,12.7,13.3,13.8
1129,13.8,12.7,13.3,13.8,14.7
1130,12.7,13.3,13.8,14.7,15.2
1131,13.3,13.8,14.7,15.2,16.8
1132,13.8,14.7,15.2,16.8,15.7
1133,14.7,15.2,16.8,15.7,14.2
1134,15.2,16.8,15.7,14.2,15.9
1135,16.8,15.7,14.2,15.9,17.7
1136,15.7,14.2,15.9,17.7,19.7
1137,14.2,15.9,17.7,19.7,20.7
1138,15.9,17.7,19.7,20.7,21.3
1139,17.7,19.7,20.7,21.3,20.4
1140,19.7,20.7,21.3,20.4,21.6
1141,20.7,21.3,20.4,21.6,22.6
1142,21.3,20.4,21.6,22.6,22.7
1143,20.4,21.6,22.6,22.7,18.5
1144,21.6,22.6,22.7,18.5,15.8
1145,22.6,22.7,18.5,15.8,16.8
1146,22.7,18.5,15.8,16.8,18.3
1147,18.5,15.8,16.8,18.3,19.2
1148,15.8,16.8,18.3,19.2,19.8
1149,16.8,18.3,19.2,19.8,22.1
1150,18.3,19.2,19.8,22.1,23.2
1151,19.2,19.8,22.1,23.2,23.1
1152,19.8,22.1,23.2,23.1,24.1
1153,22.1,23.2,23.1,24.1,25.2
1154,23.2,23.1,24.1,25.2,25.7
1155,23.1,24.1,25.2,25.7,25.3
1156,24.1,25.2,25.7,25.3,24.7
1157,25.2,25.7,25.3,24.7,19.3
1158,25.7,25.3,24.7,19.3,19.3
1159,25.3,24.7,19.3,19.3,18.4
1160,24.7,19.3,19.3,18.4,18.8
1161,19.3,19.3,18.4,18.8,18.9
1162,19.3,18.4,18.8,18.9,19.8
1163,18.4,18.8,18.9,19.8,21.5
1164,18.8,18.9,19.8,21.5,23.2
1165,18.9,19.8,21.5,23.2,22.7
1166,19.8,21.5,23.2,22.7,23.6
1167,21.5,23.2,22.7,23.6,22.8
1168,23.2,22.7,23.6,22.8,24.6
1169,22.7,23.6,22.8,24.6,22.7
1170,23.6,22.8,24.6,22.7,20.7
1171,22.8,24.6,22.7,20.7,20.4
1172,24.6,22.7,20.7,20.4,21.1
1173,22.7,20.7,20.4,21.1,21.8
1174,20.7,20.4,21.1,21.8,21.9
1175,20.4,21.1,21.8,21.9,22.8
1176,21.1,21.8,21.9,22.8,23.3
1177,21.8,21.9,22.8,23.3,23.6
1178,21.9,22.8,23.3,23.6,24.4
1179,22.8,23.3,23.6,24.4,24.5
1180,23.3,23.6,24.4,24.5,24.4
1181,23.6,24.4,24.5,24.4,24.7
1182,24.4,24.5,24.4,24.7,24.9
1183,24.5,24.4,24.7,24.9,24.7
1184,24.4,24.7,24.9,24.7,24.7
1185,24.7,24.9,24.7,24.7,24.9
1186,24.9,24.7,24.7,24.9,21.4
1187,24.7,24.7,24.9,21.4,19.7
1188,24.7,24.9,21.4,19.7,19.7
1189,24.9,21.4,19.7,19.7,21.2
1190,21.4,19.7,19.7,21.2,22.5
1191,19.7,19.7,21.2,22.5,24.1
1192,19.7,21.2,22.5,24.1,25.0
1193,21.2,22.5,24.1,25.0,25.2
1194,22.5,24.1,25.0,25.2,25.4
1195,24.1,25.0,25.2,25.4,21.7
1196,25.0,25.2,25.4,21.7,20.7
1197,25.2,25.4,21.7,20.7,22.7
1198,25.4,21.7,20.7,22.7,23.1
1199,21.7,20.7,22.7,23.1,23.8
1200,20.7,22.7,23.1,23.8,25.8
1201,22.7,23.1,23.8,25.8,26.9
1202,23.1,23.8,25.8,26.9,26.8
1203,23.8,25.8,26.9,26.8,27.0
1204,25.8,26.9,26.8,27.0,27.2
1205,26.9,26.8,27.0,27.2,24.0
1206,26.8,27.0,27.2,24.0,25.2
1207,27.0,27.2,24.0,25.2,23.5
1208,27.2,24.0,25.2,23.5,24.4
1209,24.0,25.2,23.5,24.4,25.3
1210,25.2,23.5,24.4,25.3,27.2
1211,23.5,24.4,25.3,27.2,28.4
1212,24.4,25.3,27.2,28.4,26.2
1213,25.3,27.2,28.4,26.2,26.2
1214,27.2,28.4,26.2,26.2,27.8
1215,28.4,26.2,26.2,27.8,27.8
1216,26.2,26.2,27.8,27.8,29.2
1217,26.2,27.8,27.8,29.2,31.3
1218,27.8,27.8,29.2,31.3,30.5
1219,27.8,29.2,31.3,30.5,29.7
1220,29.2,31.3,30.5,29.7,27.6
1221,31.3,30.5,29.7,27.6,27.9
1222,30.5,29.7,27.6,27.9,27.1
1223,29.7,27.6,27.9,27.1,26.6
1224,27.6,27.9,27.1,26.6,28.9
1225,27.9,27.1,26.6,28.9,29.4
1226,27.1,26.6,28.9,29.4,30.4
1227,26.6,28.9,29.4,30.4,30.6
1228,28.9,29.4,30.4,30.6,29.6
1229,29.4,30.4,30.6,29.6,28.7
1230,30.4,30.6,29.6,28.7,29.9
1231,30.6,29.6,28.7,29.9,29.2
1232,29.6,28.7,29.9,29.2,29.7
1233,28.7,29.9,29.2,29.7,30.0
1234,29.9,29.2,29.7,30.0,30.2
1235,29.2,29.7,30.0,30.2,31.5
1236,29.7,30.0,30.2,31.5,31.3
1237,30.0,30.2,31.5,31.3,28.4
1238,30.2,31.5,31.3,28.4,25.5
1239,31.5,31.3,28.4,25.5,28.2
1240,31.3,28.4,25.5,28.2,29.6
1241,28.4,25.5,28.2,29.6,29.6
1242,25.5,28.2,29.6,29.6,27.0
1243,28.2,29.6,29.6,27.0,27.9
1244,29.6,29.6,27.0,27.9,29.3
1245,29.6,27.0,27.9,29.3,29.5
1246,27.0,27.9,29.3,29.5,28.4
1247,27.9,29.3,29.5,28.4,30.7
1248,29.3,29.5,28.4,30.7,31.5
1249,29.5,28.4,30.7,31.5,31.7
1250,28.4,30.7,31.5,31.7,29.7
1251,30.7,31.5,31.7,29.7,30.2
1252,31.5,31.7,29.7,30.2,29.1
1253,31.7,29.7,30.2,29.1,30.6
1254,29.7,30.2,29.1,30.6,31.8
1255,30.2,29.1,30.6,31.8,30.6
1256,29.1,30.6,31.8,30.6,27.3
1257,30.6,31.8,30.6,27.3,28.3
1258,31.8,30.6,27.3,28.3,28.1
1259,30.6,27.3,28.3,28.1,30.0
1260,27.3,28.3,28.1,30.0,31.1
1261,28.3,28.1,30.0,31.1,30.9
1262,28.1,30.0,31.1,30.9,31.5
1263,30.0,31.1,30.9,31.5,33.1
1264,31.1,30.9,31.5,33.1,32.7
1265,30.9,31.5,33.1,32.7,30.8
1266,31.5,33.1,32.7,30.8,28.8
1267,33.1,32.7,30.8,28.8,28.2
1268,32.7,30.8,28.8,28.2,26.0
1269,30.8,28.8,28.2,26.0,29.8
1270,28.8,28.2,26.0,29.8,31.5
1271,28.2,26.0,29.8,31.5,32.4
1272,26.0,29.8,31.5,32.4,33.1
1273,29.8,31.5,32.4,33.1,33.7
1274,31.5,32.4,33.1,33.7,34.5
1275,32.4,33.1,33.7,34.5,34.7
1276,33.1,33.7,34.5,34.7,34.4
1277,33.7,34.5,34.7,34.4,33.3
1278,34.5,34.7,34.4,33.3,29.8
1279,34.7,34.4,33.3,29.8,28.9
1280,34.4,33.3,29.8,28.9,29.0
1281,33.3,29.8,28.9,29.0,28.9
1282,29.8,28.9,29.0,28.9,30.2
1283,28.9,29.0,28.9,30.2,31.6
1284,29.0,28.9,30.2,31.6,29.1
1285,28.9,30.2,31.6,29.1,27.7
1286,30.2,31.6,29.1,27.7,26.9
1287,31.6,29.1,27.7,26.9,29.0
1288,29.1,27.7,26.9,29.0,28.2
1289,27.7,26.9,29.0,28.2,28.0
1290,26.9,29.0,28.2,28.0,27.0
1291,29.0,28.2,28.0,27.0,27.0
1292,28.2,28.0,27.0,27.0,26.4
1293,28.0,27.0,27.0,26.4,30.0
1294,27.0,27.0,26.4,30.0,30.1
1295,27.0,26.4,30.0,30.1,30.1
1296,26.4,30.0,30.1,30.1,28.9
1297,30.0,30.1,30.1,28.9,27.8
1298,30.1,30.1,28.9,27.8,26.7
1299,30.1,28.9,27.8,26.7,27.3
1300,28.9,27.8,26.7,27.3,27.7
1301,27.8,26.7,27.3,27.7,28.0
1302,26.7,27.3,27.7,28.0,27.8
1303,27.3,27.7,28.0,27.8,28.2
1304,27.7,28.0,27.8,28.2,28.1
1305,28.0,27.8,28.2,28.1,28.4
1306,27.8,28.2,28.1,28.4,27.2
1307,28.2,28.1,28.4,27.2,27.1
1308,28.1,28.4,27.2,27.1,29.1
1309,28.4,27.2,27.1,29.1,28.1
1310,27.2,27.1,29.1,28.1,29.1
1311,27.1,29.1,28.1,29.1,29.0
1312,29.1,28.1,29.1,29.0,30.1
1313,28.1,29.1,29.0,30.1,30.2
1314,29.1,29.0,30.1,30.2,29.0
1315,29.0,30.1,30.2,29.0,30.5
1316,30.1,30.2,29.0,30.5,30.9
1317,30.2,29.0,30.5,30.9,28.1
1318,29.0,30.5,30.9,28.1,27.3
1319,30.5,30.9,28.1,27.3,26.9
1320,30.9,28.1,27.3,26.9,27.3
1321,28.1,27.3,26.9,27.3,29.4
1322,27.3,26.9,27.3,29.4,30.9
1323,26.9,27.3,29.4,30.9,29.3
1324,27.3,29.4,30.9,29.3,29.9
1325,29.4,30.9,29.3,29.9,29.7
1326,30.9,29.3,29.9,29.7,29.5
1327,29.3,29.9,29.7,29.5,29.2
1328,29.9,29.7,29.5,29.2,29.7
1329,29.7,29.5,29.2,29.7,29.0
1330,29.5,29.2,29.7,29.0,26.1
1331,29.2,29.7,29.0,26.1,25.6
1332,29.7,29.0,26.1,25.6,26.3
1333,29.0,26.1,25.6,26.3,29.3
1334,26.1,25.6,26.3,29.3,30.0
1335,25.6,26.3,29.3,30.0,27.8
1336,26.3,29.3,30.0,27.8,26.2
1337,29.3,30.0,27.8,26.2,28.9
1338,30.0,27.8,26.2,28.9,30.4
1339,27.8,26.2,28.9,30.4,31.1
1340,26.2,28.9,30.4,31.1,29.7
1341,28.9,30.4,31.1,29.7,27.9
1342,30.4,31.1,29.7,27.9,27.8
1343,31.1,29.7,27.9,27.8,27.5
1344,29.7,27.9,27.8,27.5,28.1
1345,27.9,27.8,27.5,28.1,29.0
1346,27.8,27.5,28.1,29.0,29.6
1347,27.5,28.1,29.0,29.6,27.7
1348,28.1,29.0,29.6,27.7,29.1
1349,29.0,29.6,27.7,29.1,30.8
1350,29.6,27.7,29.1,30.8,27.5
1351,27.7,29.1,30.8,27.5,26.0
1352,29.1,30.8,27.5,26.0,26.3
1353,30.8,27.5,26.0,26.3,28.7
1354,27.5,26.0,26.3,28.7,29.0
1355,26.0,26.3,28.7,29.0,29.5
1356,26.3,28.7,29.0,29.5,29.4
1357,28.7,29.0,29.5,29.4,29.5
1358,29.0,29.5,29.4,29.5,29.4
1359,29.5,29.4,29.5,29.4,28.8
1360,29.4,29.5,29.4,28.8,26.5
1361,29.5,29.4,28.8,26.5,25.0
1362,29.4,28.8,26.5,25.0,26.9
1363,28.8,26.5,25.0,26.9,27.6
1364,26.5,25.0,26.9,27.6,27.3
1365,25.0,26.9,27.6,27.3,26.9
1366,26.9,27.6,27.3,26.9,27.1
1367,27.6,27.3,26.9,27.1,27.1
1368,27.3,26.9,27.1,27.1,26.8
1369,26.9,27.1,27.1,26.8,27.2
1370,27.1,27.1,26.8,27.2,27.7
1371,27.1,26.8,27.2,27.7,27.5
1372,26.8,27.2,27.7,27.5,27.7
1373,27.2,27.7,27.5,27.7,21.1
1374,27.7,27.5,27.7,21.1,23.4
1375,27.5,27.7,21.1,23.4,24.4
1376,27.7,21.1,23.4,24.4,24.8
1377,21.1,23.4,24.4,24.8,27.5
1378,23.4,24.4,24.8,27.5,28.4
1379,24.4,24.8,27.5,28.4,22.4
1380,24.8,27.5,28.4,22.4,21.7
1381,27.5,28.4,22.4,21.7,21.5
1382,28.4,22.4,21.7,21.5,22.2
1383,22.4,21.7,21.5,22.2,24.8
1384,21.7,21.5,22.2,24.8,27.7
1385,21.5,22.2,24.8,27.7,26.7
1386,22.2,24.8,27.7,26.7,24.2
1387,24.8,27.7,26.7,24.2,23.9
1388,27.7,26.7,24.2,23.9,27.2
1389,26.7,24.2,23.9,27.2,26.8
1390,24.2,23.9,27.2,26.8,24.8
1391,23.9,27.2,26.8,24.8,24.7
1392,27.2,26.8,24.8,24.7,26.0
1393,26.8,24.8,24.7,26.0,25.6
1394,24.8,24.7,26.0,25.6,24.9
1395,24.7,26.0,25.6,24.9,23.1
1396,26.0,25.6,24.9,23.1,22.7
1397,25.6,24.9,23.1,22.7,22.8
1398,24.9,23.1,22.7,22.8,24.1
1399,23.1,22.7,22.8,24.1,25.4
1400,22.7,22.8,24.1,25.4,26.1
1401,22.8,24.1,25.4,26.1,26.8
1402,24.1,25.4,26.1,26.8,23.6
1403,25.4,26.1,26.8,23.6,22.0
1404,26.1,26.8,23.6,22.0,22.4
1405,26.8,23.6,22.0,22.4,23.8
1406,23.6,22.0,22.4,23.8,24.0
1407,22.0,22.4,23.8,24.0,24.6
1408,22.4,23.8,24.0,24.6,25.6
1409,23.8,24.0,24.6,25.6,26.3
1410,24.0,24.6,25.6,26.3,26.8
1411,24.6,25.6,26.3,26.8,26.2
1412,25.6,26.3,26.8,26.2,26.3
1413,26.3,26.8,26.2,26.3,22.2
1414,26.8,26.2,26.3,22.2,24.3
1415,26.2,26.3,22.2,24.3,25.8
1416,26.3,22.2,24.3,25.8,18.9
1417,22.2,24.3,25.8,18.9,19.6
1418,24.3,25.8,18.9,19.6,20.3
1419,25.8,18.9,19.6,20.3,21.9
1420,18.9,19.6,20.3,21.9,22.1
1421,19.6,20.3,21.9,22.1,21.0
1422,20.3,21.9,22.1,21.0,21.0
1423,21.9,22.1,21.0,21.0,21.7
1424,22.1,21.0,21.0,21.7,24.0
1425,21.0,21.0,21.7,24.0,24.3
1426,21.0,21.7,24.0,24.3,25.7
1427,21.7,24.0,24.3,25.7,25.8
1428,24.0,24.3,25.7,25.8,26.0
1429,24.3,25.7,25.8,26.0,25.6
1430,25.7,25.8,26.0,25.6,25.8
1431,25.8,26.0,25.6,25.8,23.3
1432,26.0,25.6,25.8,23.3,15.8
1433,25.6,25.8,23.3,15.8,14.1
1434,25.8,23.3,15.8,14.1,16.8
1435,23.3,15.8,14.1,16.8,14.6
1436,15.8,14.1,16.8,14.6,12.0
1437,14.1,16.8,14.6,12.0,13.4
1438,16.8,14.6,12.0,13.4,15.6
1439,14.6,12.0,13.4,15.6,16.3
1440,12.0,13.4,15.6,16.3,16.8
1441,13.4,15.6,16.3,16.8,17.9
1442,15.6,16.3,16.8,17.9,17.9
1443,16.3,16.8,17.9,17.9,20.5
1444,16.8,17.9,17.9,20.5,22.7
1445,17.9,17.9,20.5,22.7,24.2
1446,17.9,20.5,22.7,24.2,24.4
1447,20.5,22.7,24.2,24.4,23.3
1448,22.7,24.2,24.4,23.3,21.4
1449,24.2,24.4,23.3,21.4,22.2
1450,24.4,23.3,21.4,22.2,23.2
1451,23.3,21.4,22.2,23.2,22.4
1452,21.4,22.2,23.2,22.4,16.1
1453,22.2,23.2,22.4,16.1,12.6
1454,23.2,22.4,16.1,12.6,9.8
1455,22.4,16.1,12.6,9.8,11.3
1456,16.1,12.6,9.8,11.3,11.8
1457,12.6,9.8,11.3,11.8,14.1
1458,9.8,11.3,11.8,14.1,15.3
1459,11.3,11.8,14.1,15.3,16.3
1460,11.8,14.1,15.3,16.3,19.0
1461,14.1,15.3,16.3,19.0,18.3
1462,15.3,16.3,19.0,18.3,18.5
1463,16.3,19.0,18.3,18.5,17.0
1464,19.0,18.3,18.5,17.0,13.6
1465,18.3,18.5,17.0,13.6,15.0
1466,18.5,17.0,13.6,15.0,17.7
1467,17.0,13.6,15.0,17.7,19.9
1468,13.6,15.0,17.7,19.9,20.6
1469,15.0,17.7,19.9,20.6,21.2
1470,17.7,19.9,20.6,21.2,19.2
1471,19.9,20.6,21.2,19.2,13.5
1472,20.6,21.2,19.2,13.5,14.3
1473,21.2,19.2,13.5,14.3,15.5
1474,19.2,13.5,14.3,15.5,17.9
1475,13.5,14.3,15.5,17.9,18.6
1476,14.3,15.5,17.9,18.6,15.8
1477,15.5,17.9,18.6,15.8,15.6
1478,17.9,18.6,15.8,15.6,16.4
1479,18.6,15.8,15.6,16.4,17.7
1480,15.8,15.6,16.4,17.7,18.2
1481,15.6,16.4,17.7,18.2,18.9
1482,16.4,17.7,18.2,18.9,18.0
1483,17.7,18.2,18.9,18.0,20.0
1484,18.2,18.9,18.0,20.0,21.0
1485,18.9,18.0,20.0,21.0,22.5
1486,18.0,20.0,21.0,22.5,22.5
1487,20.0,21.0,22.5,22.5,21.2
1488,21.0,22.5,22.5,21.2,21.1
1489,22.5,22.5,21.2,21.1,22.1
1490,22.5,21.2,21.1,22.1,23.1
1491,21.2,21.1,22.1,23.1,23.6
1492,21.1,22.1,23.1,23.6,24.7
1493,22.1,23.1,23.6,24.7,25.1
1494,23.1,23.6,24.7,25.1,25.3
1495,23.6,24.7,25.1,25.3,25.0
1496,24.7,25.1,25.3,25.0,25.1
1497,25.1,25.3,25.0,25.1,20.8
1498,25.3,25.0,25.1,20.8,19.3
1499,25.0,25.1,20.8,19.3,21.9
1500,25.1,20.8,19.3,21.9,23.0
1501,20.8,19.3,21.9,23.0,23.3
1502,19.3,21.9,23.0,23.3,23.4
1503,21.9,23.0,23.3,23.4,22.5
1504,23.0,23.3,23.4,22.5,23.3
1505,23.3,23.4,22.5,23.3,24.6
1506,23.4,22.5,23.3,24.6,25.7
1507,22.5,23.3,24.6,25.7,26.2
1508,23.3,24.6,25.7,26.2,18.4
1509,24.6,25.7,26.2,18.4,16.3
1510,25.7,26.2,18.4,16.3,15.8
1511,26.2,18.4,16.3,15.8,15.9
1512,18.4,16.3,15.8,15.9,17.1
1513,16.3,15.8,15.9,17.1,20.3
1514,15.8,15.9,17.1,20.3,23.0
1515,15.9,17.1,20.3,23.0,23.8
1516,17.1,20.3,23.0,23.8,24.7
1517,20.3,23.0,23.8,24.7,25.3
1518,23.0,23.8,24.7,25.3,22.6
1519,23.8,24.7,25.3,22.6,25.7
1520,24.7,25.3,22.6,25.7,22.9
1521,25.3,22.6,25.7,22.9,18.1
1522,22.6,25.7,22.9,18.1,17.4
1523,25.7,22.9,18.1,17.4,19.1
1524,22.9,18.1,17.4,19.1,19.6
1525,18.1,17.4,19.1,19.6,21.7
1526,17.4,19.1,19.6,21.7,22.0
1527,19.1,19.6,21.7,22.0,23.0
1528,19.6,21.7,22.0,23.0,24.8
1529,21.7,22.0,23.0,24.8,20.8
1530,22.0,23.0,24.8,20.8,17.6
1531,23.0,24.8,20.8,17.6,17.9
1532,24.8,20.8,17.6,17.9,18.3
1533,20.8,17.6,17.9,18.3,21.0
1534,17.6,17.9,18.3,21.0,24.0
1535,17.9,18.3,21.0,24.0,26.6
1536,18.3,21.0,24.0,26.6,27.0
1537,21.0,24.0,26.6,27.0,23.0
1538,24.0,26.6,27.0,23.0,17.8
1539,26.6,27.0,23.0,17.8,18.7
1540,27.0,23.0,17.8,18.7,20.0
1541,23.0,17.8,18.7,20.0,22.6
1542,17.8,18.7,20.0,22.6,24.7
1543,18.7,20.0,22.6,24.7,25.0
1544,20.0,22.6,24.7,25.0,26.4
1545,22.6,24.7,25.0,26.4,26.9
1546,24.7,25.0,26.4,26.9,22.9
1547,25.0,26.4,26.9,22.9,22.3
1548,26.4,26.9,22.9,22.3,23.9
1549,26.9,22.9,22.3,23.9,23.8
1550,22.9,22.3,23.9,23.8,24.0
1551,22.3,23.9,23.8,24.0,24.0
1552,23.9,23.8,24.0,24.0,27.0
1553,23.8,24.0,24.0,27.0,27.5
1554,24.0,24.0,27.0,27.5,28.3
1555,24.0,27.0,27.5,28.3,27.8
1556,27.0,27.5,28.3,27.8,27.9
1557,27.5,28.3,27.8,27.9,27.4
1558,28.3,27.8,27.9,27.4,28.0
1559,27.8,27.9,27.4,28.0,27.8
1560,27.9,27.4,28.0,27.8,23.9
1561,27.4,28.0,27.8,23.9,23.2
1562,28.0,27.8,23.9,23.2,24.1
1563,27.8,23.9,23.2,24.1,27.9
1564,23.9,23.2,24.1,27.9,29.9
1565,23.2,24.1,27.9,29.9,30.4
1566,24.1,27.9,29.9,30.4,29.2
1567,27.9,29.9,30.4,29.2,29.4
1568,29.9,30.4,29.2,29.4,29.0
1569,30.4,29.2,29.4,29.0,29.7
1570,29.2,29.4,29.0,29.7,28.9
1571,29.4,29.0,29.7,28.9,29.1
1572,29.0,29.7,28.9,29.1,28.7
1573,29.7,28.9,29.1,28.7,27.9
1574,28.9,29.1,28.7,27.9,28.3
1575,29.1,28.7,27.9,28.3,24.6
1576,28.7,27.9,28.3,24.6,24.0
1577,27.9,28.3,24.6,24.0,24.7
1578,28.3,24.6,24.0,24.7,23.7
1579,24.6,24.0,24.7,23.7,23.6
1580,24.0,24.7,23.7,23.6,26.4
1581,24.7,23.7,23.6,26.4,27.7
1582,23.7,23.6,26.4,27.7,25.1
1583,23.6,26.4,27.7,25.1,24.4
1584,26.4,27.7,25.1,24.4,22.8
1585,27.7,25.1,24.4,22.8,23.5
1586,25.1,24.4,22.8,23.5,24.6
1587,24.4,22.8,23.5,24.6,28.1
1588,22.8,23.5,24.6,28.1,28.5
1589,23.5,24.6,28.1,28.5,28.6
1590,24.6,28.1,28.5,28.6,30.2
1591,28.1,28.5,28.6,30.2,31.3
1592,28.5,28.6,30.2,31.3,32.4
1593,28.6,30.2,31.3,32.4,33.2
1594,30.2,31.3,32.4,33.2,33.2
1595,31.3,32.4,33.2,33.2,31.2
1596,32.4,33.2,33.2,31.2,26.9
1597,33.2,33.2,31.2,26.9,26.5
1598,33.2,31.2,26.9,26.5,28.3
1599,31.2,26.9,26.5,28.3,28.7
1600,26.9,26.5,28.3,28.7,30.2
1601,26.5,28.3,28.7,30.2,31.1
1602,28.3,28.7,30.2,31.1,28.2
1603,28.7,30.2,31.1,28.2,28.2
1604,30.2,31.1,28.2,28.2,26.6
1605,31.1,28.2,28.2,26.6,27.1
1606,28.2,28.2,26.6,27.1,25.9
1607,28.2,26.6,27.1,25.9,24.2
1608,26.6,27.1,25.9,24.2,26.8
1609,27.1,25.9,24.2,26.8,28.7
1610,25.9,24.2,26.8,28.7,30.0
1611,24.2,26.8,28.7,30.0,29.5
1612,26.8,28.7,30.0,29.5,29.3
1613,28.7,30.0,29.5,29.3,30.2
1614,30.0,29.5,29.3,30.2,30.8
1615,29.5,29.3,30.2,30.8,32.6
1616,29.3,30.2,30.8,32.6,32.5
1617,30.2,30.8,32.6,32.5,31.3
1618,30.8,32.6,32.5,31.3,33.1
1619,32.6,32.5,31.3,33.1,30.5
1620,32.5,31.3,33.1,30.5,30.2
1621,31.3,33.1,30.5,30.2,32.0
1622,33.1,30.5,30.2,32.0,31.9
1623,30.5,30.2,32.0,31.9,30.2
1624,30.2,32.0,31.9,30.2,27.4
1625,32.0,31.9,30.2,27.4,30.4
1626,31.9,30.2,27.4,30.4,31.8
1627,30.2,27.4,30.4,31.8,33.2
1628,27.4,30.4,31.8,33.2,33.5
1629,30.4,31.8,33.2,33.5,32.4
1630,31.8,33.2,33.5,32.4,27.1
1631,33.2,33.5,32.4,27.1,29.6
1632,33.5,32.4,27.1,29.6,31.6
1633,32.4,27.1,29.6,31.6,32.5
1634,27.1,29.6,31.6,32.5,33.7
1635,29.6,31.6,32.5,33.7,33.8
1636,31.6,32.5,33.7,33.8,28.9
1637,32.5,33.7,33.8,28.9,29.4
1638,33.7,33.8,28.9,29.4,29.8
1639,33.8,28.9,29.4,29.8,31.0
1640,28.9,29.4,29.8,31.0,27.2
1641,29.4,29.8,31.0,27.2,30.8
1642,29.8,31.0,27.2,30.8,32.5
1643,31.0,27.2,30.8,32.5,32.7
1644,27.2,30.8,32.5,32.7,33.5
1645,30.8,32.5,32.7,33.5,31.6
1646,32.5,32.7,33.5,31.6,28.1
1647,32.7,33.5,31.6,28.1,30.1
1648,33.5,31.6,28.1,30.1,32.5
1649,31.6,28.1,30.1,32.5,32.9
1650,28.1,30.1,32.5,32.9,30.1
1651,30.1,32.5,32.9,30.1,29.5
1652,32.5,32.9,30.1,29.5,29.9
1653,32.9,30.1,29.5,29.9,32.0
1654,30.1,29.5,29.9,32.0,31.9
1655,29.5,29.9,32.0,31.9,33.1
1656,29.9,32.0,31.9,33.1,31.5
1657,32.0,31.9,33.1,31.5,30.1
1658,31.9,33.1,31.5,30.1,30.3
1659,33.1,31.5,30.1,30.3,29.8
1660,31.5,30.1,30.3,29.8,29.2
1661,30.1,30.3,29.8,29.2,28.1
1662,30.3,29.8,29.2,28.1,30.0
1663,29.8,29.2,28.1,30.0,31.0
1664,29.2,28.1,30.0,31.0,30.8
1665,28.1,30.0,31.0,30.8,30.7
1666,30.0,31.0,30.8,30.7,28.8
1667,31.0,30.8,30.7,28.8,29.8
1668,30.8,30.7,28.8,29.8,27.2
1669,30.7,28.8,29.8,27.2,27.2
1670,28.8,29.8,27.2,27.2,26.1
1671,29.8,27.2,27.2,26.1,27.3
1672,27.2,27.2,26.1,27.3,27.9
1673,27.2,26.1,27.3,27.9,30.2
1674,26.1,27.3,27.9,30.2,31.6
1675,27.3,27.9,30.2,31.6,30.3
1676,27.9,30.2,31.6,30.3,29.7
1677,30.2,31.6,30.3,29.7,31.4
1678,31.6,30.3,29.7,31.4,32.1
1679,30.3,29.7,31.4,32.1,32.2
1680,29.7,31.4,32.1,32.2,32.9
1681,31.4,32.1,32.2,32.9,32.6
1682,32.1,32.2,32.9,32.6,31.6
1683,32.2,32.9,32.6,31.6,28.6
1684,32.9,32.6,31.6,28.6,28.4
1685,32.6,31.6,28.6,28.4,30.5
1686,31.6,28.6,28.4,30.5,29.8
1687,28.6,28.4,30.5,29.8,27.9
1688,28.4,30.5,29.8,27.9,27.6
1689,30.5,29.8,27.9,27.6,27.7
1690,29.8,27.9,27.6,27.7,27.1
1691,27.9,27.6,27.7,27.1,27.7
1692,27.6,27.7,27.1,27.7,30.2
1693,27.7,27.1,27.7,30.2,29.6
1694,27.1,27.7,30.2,29.6,28.7
1695,27.7,30.2,29.6,28.7,29.2
1696,30.2,29.6,28.7,29.2,30.7
1697,29.6,28.7,29.2,30.7,27.7
1698,28.7,29.2,30.7,27.7,26.8
1699,29.2,30.7,27.7,26.8,27.0
1700,30.7,27.7,26.8,27.0,28.7
1701,27.7,26.8,27.0,28.7,29.5
1702,26.8,27.0,28.7,29.5,29.5
1703,27.0,28.7,29.5,29.5,30.7
1704,28.7,29.5,29.5,30.7,31.1
1705,29.5,29.5,30.7,31.1,31.4
1706,29.5,30.7,31.1,31.4,30.9
1707,30.7,31.1,31.4,30.9,29.6
1708,31.1,31.4,30.9,29.6,26.4
1709,31.4,30.9,29.6,26.4,26.9
1710,30.9,29.6,26.4,26.9,29.1
1711,29.6,26.4,26.9,29.1,29.6
1712,26.4,26.9,29.1,29.6,30.1
1713,26.9,29.1,29.6,30.1,30.1
1714,29.1,29.6,30.1,30.1,29.8
1715,29.6,30.1,30.1,29.8,29.8
1716,30.1,30.1,29.8,29.8,28.1
1717,30.1,29.8,29.8,28.1,26.1
1718,29.8,29.8,28.1,26.1,28.1
1719,29.8,28.1,26.1,28.1,28.5
1720,28.1,26.1,28.1,28.5,28.0
1721,26.1,28.1,28.5,28.0,26.7
1722,28.1,28.5,28.0,26.7,26.7
1723,28.5,28.0,26.7,26.7,27.1
1724,28.0,26.7,26.7,27.1,27.1
1725,26.7,26.7,27.1,27.1,27.5
1726,26.7,27.1,27.1,27.5,27.3
1727,27.1,27.1,27.5,27.3,27.6
1728,27.1,27.5,27.3,27.6,28.1
1729,27.5,27.3,27.6,28.1,28.3
1730,27.3,27.6,28.1,28.3,28.2
1731,27.6,28.1,28.3,28.2,25.7
1732,28.1,28.3,28.2,25.7,25.6
1733,28.3,28.2,25.7,25.6,27.2
1734,28.2,25.7,25.6,27.2,28.3
1735,25.7,25.6,27.2,28.3,27.0
1736,25.6,27.2,28.3,27.0,25.8
1737,27.2,28.3,27.0,25.8,24.8
1738,28.3,27.0,25.8,24.8,27.5
1739,27.0,25.8,24.8,27.5,28.6
1740,25.8,24.8,27.5,28.6,28.2
1741,24.8,27.5,28.6,28.2,27.4
1742,27.5,28.6,28.2,27.4,26.7
1743,28.6,28.2,27.4,26.7,25.5
1744,28.2,27.4,26.7,25.5,26.5
1745,27.4,26.7,25.5,26.5,25.8
1746,26.7,25.5,26.5,25.8,23.9
1747,25.5,26.5,25.8,23.9,25.2
1748,26.5,25.8,23.9,25.2,26.3
1749,25.8,23.9,25.2,26.3,26.9
1750,23.9,25.2,26.3,26.9,27.8
1751,25.2,26.3,26.9,27.8,28.5
1752,26.3,26.9,27.8,28.5,22.8
1753,26.9,27.8,28.5,22.8,23.7
1754,27.8,28.5,22.8,23.7,25.5
1755,28.5,22.8,23.7,25.5,26.2
1756,22.8,23.7,25.5,26.2,22.0
1757,23.7,25.5,26.2,22.0,23.0
1758,25.5,26.2,22.0,23.0,22.4
1759,26.2,22.0,23.0,22.4,22.1
1760,22.0,23.0,22.4,22.1,19.4
1761,23.0,22.4,22.1,19.4,21.7
1762,22.4,22.1,19.4,21.7,23.9
1763,22.1,19.4,21.7,23.9,24.7
1764,19.4,21.7,23.9,24.7,23.4
1765,21.7,23.9,24.7,23.4,23.3
1766,23.9,24.7,23.4,23.3,24.6
1767,24.7,23.4,23.3,24.6,23.6
1768,23.4,23.3,24.6,23.6,22.0
1769,23.3,24.6,23.6,22.0,22.0
1770,24.6,23.6,22.0,22.0,22.5
1771,23.6,22.0,22.0,22.5,23.4
1772,22.0,22.0,22.5,23.4,24.1
1773,22.0,22.5,23.4,24.1,21.2
1774,22.5,23.4,24.1,21.2,22.8
1775,23.4,24.1,21.2,22.8,24.9
1776,24.1,21.2,22.8,24.9,26.2
1777,21.2,22.8,24.9,26.2,25.1
1778,22.8,24.9,26.2,25.1,19.1
1779,24.9,26.2,25.1,19.1,20.6
1780,26.2,25.1,19.1,20.6,20.7
1781,25.1,19.1,20.6,20.7,22.6
1782,19.1,20.6,20.7,22.6,23.6
1783,20.6,20.7,22.6,23.6,24.5
1784,20.7,22.6,23.6,24.5,24.4
1785,22.6,23.6,24.5,24.4,22.2
1786,23.6,24.5,24.4,22.2,24.1
1787,24.5,24.4,22.2,24.1,20.4
1788,24.4,22.2,24.1,20.4,20.4
1789,22.2,24.1,20.4,20.4,21.8
1790,24.1,20.4,20.4,21.8,21.0
1791,20.4,20.4,21.8,21.0,18.6
1792,20.4,21.8,21.0,18.6,17.8
1793,21.8,21.0,18.6,17.8,17.6
1794,21.0,18.6,17.8,17.6,18.7
1795,18.6,17.8,17.6,18.7,17.0
1796,17.8,17.6,18.7,17.0,15.4
1797,17.6,18.7,17.0,15.4,14.9
1798,18.7,17.0,15.4,14.9,15.9
1799,17.0,15.4,14.9,15.9,15.3
1800,15.4,14.9,15.9,15.3,15.7
1801,14.9,15.9,15.3,15.7,16.9
1802,15.9,15.3,15.7,16.9,19.1
1803,15.3,15.7,16.9,19.1,19.7
1804,15.7,16.9,19.1,19.7,22.2
1805,16.9,19.1,19.7,22.2,22.8
1806,19.1,19.7,22.2,22.8,23.1
1807,19.7,22.2,22.8,23.1,24.3
1808,22.2,22.8,23.1,24.3,22.1
1809,22.8,23.1,24.3,22.1,16.6
1810,23.1,24.3,22.1,16.6,15.8
1811,24.3,22.1,16.6,15.8,15.8
1812,22.1,16.6,15.8,15.8,17.9
1813,16.6,15.8,15.8,17.9,21.4
1814,15.8,15.8,17.9,21.4,23.5
1815,15.8,17.9,21.4,23.5,21.3
1816,17.9,21.4,23.5,21.3,16.7
1817,21.4,23.5,21.3,16.7,17.1
1818,23.5,21.3,16.7,17.1,18.9
1819,21.3,16.7,17.1,18.9,19.9
1820,16.7,17.1,18.9,19.9,20.9
1821,17.1,18.9,19.9,20.9,21.1
1822,18.9,19.9,20.9,21.1,21.7
1823,19.9,20.9,21.1,21.7,22.6
1824,20.9,21.1,21.7,22.6,21.4
1825,21.1,21.7,22.6,21.4,21.3
1826,21.7,22.6,21.4,21.3,22.6
1827,22.6,21.4,21.3,22.6,22.2
1828,21.4,21.3,22.6,22.2,23.4
1829,21.3,22.6,22.2,23.4,23.6
1830,22.6,22.2,23.4,23.6,24.0
1831,22.2,23.4,23.6,24.0,21.3
1832,23.4,23.6,24.0,21.3,16.4
1833,23.6,24.0,21.3,16.4,16.6
1834,24.0,21.3,16.4,16.6,19.3
1835,21.3,16.4,16.6,19.3,22.7
1836,16.4,16.6,19.3,22.7,22.8
1837,16.6,19.3,22.7,22.8,16.2
1838,19.3,22.7,22.8,16.2,15.1
1839,22.7,22.8,16.2,15.1,14.9
1840,22.8,16.2,15.1,14.9,14.4
1841,16.2,15.1,14.9,14.4,17.9
1842,15.1,14.9,14.4,17.9,20.7
1843,14.9,14.4,17.9,20.7,23.4
1844,14.4,17.9,20.7,23.4,21.9
1845,17.9,20.7,23.4,21.9,17.7
1846,20.7,23.4,21.9,17.7,15.8
1847,23.4,21.9,17.7,15.8,14.8
1848,21.9,17.7,15.8,14.8,14.8
1849,17.7,15.8,14.8,14.8,14.7
1850,15.8,14.8,14.8,14.7,15.4
1851,14.8,14.8,14.7,15.4,16.5
1852,14.8,14.7,15.4,16.5,16.0
1853,14.7,15.4,16.5,16.0,17.7
1854,15.4,16.5,16.0,17.7,17.6
1855,16.5,16.0,17.7,17.6,14.1
1856,16.0,17.7,17.6,14.1,14.3
1857,17.7,17.6,14.1,14.3,16.9
1858,17.6,14.1,14.3,16.9,18.7
1859,14.1,14.3,16.9,18.7,17.6
1860,14.3,16.9,18.7,17.6,15.1
1861,16.9,18.7,17.6,15.1,16.3
1862,18.7,17.6,15.1,16.3,18.9
1863,17.6,15.1,16.3,18.9,20.4
1864,15.1,16.3,18.9,20.4,21.2
1865,16.3,18.9,20.4,21.2,23.5
1866,18.9,20.4,21.2,23.5,24.9
1867,20.4,21.2,23.5,24.9,18.9
1868,21.2,23.5,24.9,18.9,17.6
1869,23.5,24.9,18.9,17.6,17.8
1870,24.9,18.9,17.6,17.8,18.2
1871,18.9,17.6,17.8,18.2,18.5
1872,17.6,17.8,18.2,18.5,19.2
1873,17.8,18.2,18.5,19.2,19.7
1874,18.2,18.5,19.2,19.7,20.4
1875,18.5,19.2,19.7,20.4,21.8
1876,19.2,19.7,20.4,21.8,22.0
1877,19.7,20.4,21.8,22.0,22.4
1878,20.4,21.8,22.0,22.4,23.9
1879,21.8,22.0,22.4,23.9,23.8
1880,22.0,22.4,23.9,23.8,23.7
1881,22.4,23.9,23.8,23.7,24.0
1882,23.9,23.8,23.7,24.0,23.5
1883,23.8,23.7,24.0,23.5,22.6
1884,23.7,24.0,23.5,22.6,19.1
1885,24.0,23.5,22.6,19.1,16.7
1886,23.5,22.6,19.1,16.7,19.6
1887,22.6,19.1,16.7,19.6,21.6
1888,19.1,16.7,19.6,21.6,24.5
1889,16.7,19.6,21.6,24.5,27.1
1890,19.6,21.6,24.5,27.1,24.3
1891,21.6,24.5,27.1,24.3,22.4
1892,24.5,27.1,24.3,22.4,22.6
1893,27.1,24.3,22.4,22.6,24.8
1894,24.3,22.4,22.6,24.8,22.5
1895,22.4,22.6,24.8,22.5,20.1
1896,22.6,24.8,22.5,20.1,20.3
1897,24.8,22.5,20.1,20.3,21.7
1898,22.5,20.1,20.3,21.7,18.8
1899,20.1,20.3,21.7,18.8,19.5
1900,20.3,21.7,18.8,19.5,21.9
1901,21.7,18.8,19.5,21.9,23.9
1902,18.8,19.5,21.9,23.9,25.3
1903,19.5,21.9,23.9,25.3,24.7
1904,21.9,23.9,25.3,24.7,25.6
1905,23.9,25.3,24.7,25.6,25.7
1906,25.3,24.7,25.6,25.7,26.4
1907,24.7,25.6,25.7,26.4,26.8
1908,25.6,25.7,26.4,26.8,25.9
1909,25.7,26.4,26.8,25.9,24.7
1910,26.4,26.8,25.9,24.7,20.8
1911,26.8,25.9,24.7,20.8,18.5
1912,25.9,24.7,20.8,18.5,19.3
1913,24.7,20.8,18.5,19.3,19.8
1914,20.8,18.5,19.3,19.8,21.1
1915,18.5,19.3,19.8,21.1,19.2
1916,19.3,19.8,21.1,19.2,18.2
1917,19.8,21.1,19.2,18.2,17.4
1918,21.1,19.2,18.2,17.4,19.5
1919,19.2,18.2,17.4,19.5,20.3
1920,18.2,17.4,19.5,20.3,22.6
1921,17.4,19.5,20.3,22.6,23.9
1922,19.5,20.3,22.6,23.9,25.3
1923,20.3,22.6,23.9,25.3,20.3
1924,22.6,23.9,25.3,20.3,16.6
1925,23.9,25.3,20.3,16.6,19.2
1926,25.3,20.3,16.6,19.2,21.6
1927,20.3,16.6,19.2,21.6,23.1
1928,16.6,19.2,21.6,23.1,24.3
1929,19.2,21.6,23.1,24.3,26.4
1930,21.6,23.1,24.3,26.4,26.1
1931,23.1,24.3,26.4,26.1,27.0
1932,24.3,26.4,26.1,27.0,27.0
1933,26.4,26.1,27.0,27.0,24.7
1934,26.1,27.0,27.0,24.7,20.8
1935,27.0,27.0,24.7,20.8,17.6
1936,27.0,24.7,20.8,17.6,18.8
1937,24.7,20.8,17.6,18.8,20.0
1938,20.8,17.6,18.8,20.0,23.0
1939,17.6,18.8,20.0,23.0,25.2
1940,18.8,20.0,23.0,25.2,25.5
1941,20.0,23.0,25.2,25.5,25.5
1942,23.0,25.2,25.5,25.5,24.3
1943,25.2,25.5,25.5,24.3,27.1
1944,25.5,25.5,24.3,27.1,28.0
1945,25.5,24.3,27.1,28.0,29.4
1946,24.3,27.1,28.0,29.4,29.1
1947,27.1,28.0,29.4,29.1,28.6
1948,28.0,29.4,29.1,28.6,28.9
1949,29.4,29.1,28.6,28.9,28.9
1950,29.1,28.6,28.9,28.9,28.4
1951,28.6,28.9,28.9,28.4,30.6
1952,28.9,28.9,28.4,30.6,29.4
1953,28.9,28.4,30.6,29.4,27.5
1954,28.4,30.6,29.4,27.5,27.3
1955,30.6,29.4,27.5,27.3,28.0
1956,29.4,27.5,27.3,28.0,29.1
1957,27.5,27.3,28.0,29.1,28.6
1958,27.3,28.0,29.1,28.6,28.8
1959,28.0,29.1,28.6,28.8,28.7
1960,29.1,28.6,28.8,28.7,29.1
1961,28.6,28.8,28.7,29.1,32.2
1962,28.8,28.7,29.1,32.2,34.0
1963,28.7,29.1,32.2,34.0,31.7
1964,29.1,32.2,34.0,31.7,28.6
1965,32.2,34.0,31.7,28.6,29.3
1966,34.0,31.7,28.6,29.3,31.0
1967,31.7,28.6,29.3,31.0,28.3
1968,28.6,29.3,31.0,28.3,26.3
1969,29.3,31.0,28.3,26.3,28.2
1970,31.0,28.3,26.3,28.2,29.7
1971,28.3,26.3,28.2,29.7,30.7
1972,26.3,28.2,29.7,30.7,31.2
1973,28.2,29.7,30.7,31.2,30.4
1974,29.7,30.7,31.2,30.4,30.5
1975,30.7,31.2,30.4,30.5,31.3
1976,31.2,30.4,30.5,31.3,31.8
1977,30.4,30.5,31.3,31.8,31.5
1978,30.5,31.3,31.8,31.5,31.5
1979,31.3,31.8,31.5,31.5,32.9
1980,31.8,31.5,31.5,32.9,34.0
1981,31.5,31.5,32.9,34.0,32.3
1982,31.5,32.9,34.0,32.3,30.5
1983,32.9,34.0,32.3,30.5,29.0
1984,34.0,32.3,30.5,29.0,29.9
1985,32.3,30.5,29.0,29.9,30.8
1986,30.5,29.0,29.9,30.8,28.5
1987,29.0,29.9,30.8,28.5,27.2
1988,29.9,30.8,28.5,27.2,30.3
1989,30.8,28.5,27.2,30.3,30.8
1990,28.5,27.2,30.3,30.8,31.0
1991,27.2,30.3,30.8,31.0,30.7
1992,30.3,30.8,31.0,30.7,31.5
1993,30.8,31.0,30.7,31.5,32.2
1994,31.0,30.7,31.5,32.2,33.2
1995,30.7,31.5,32.2,33.2,32.7
1996,31.5,32.2,33.2,32.7,33.1
1997,32.2,33.2,32.7,33.1,30.5
1998,33.2,32.7,33.1,30.5,32.3
1999,32.7,33.1,30.5,32.3,32.6
2000,33.1,30.5,32.3,32.6,32.4
2001,30.5,32.3,32.6,32.4,31.8
2002,32.3,32.6,32.4,31.8,31.9
2003,32.6,32.4,31.8,31.9,29.3
2004,32.4,31.8,31.9,29.3,29.9
2005,31.8,31.9,29.3,29.9,30.0
2006,31.9,29.3,29.9,30.0,28.8
2007,29.3,29.9,30.0,28.8,30.7
2008,29.9,30.0,28.8,30.7,31.1
2009,30.0,28.8,30.7,31.1,31.8
2010,28.8,30.7,31.1,31.8,32.6
2011,30.7,31.1,31.8,32.6,33.5
2012,31.1,31.8,32.6,33.5,33.0
2013,31.8,32.6,33.5,33.0,31.2
2014,32.6,33.5,33.0,31.2,30.7
2015,33.5,33.0,31.2,30.7,31.9
2016,33.0,31.2,30.7,31.9,30.8
2017,31.2,30.7,31.9,30.8,32.2
2018,30.7,31.9,30.8,32.2,31.8
2019,31.9,30.8,32.2,31.8,32.5
2020,30.8,32.2,31.8,32.5,33.0
2021,32.2,31.8,32.5,33.0,32.7
2022,31.8,32.5,33.0,32.7,28.9
2023,32.5,33.0,32.7,28.9,29.9
2024,33.0,32.7,28.9,29.9,30.8
2025,32.7,28.9,29.9,30.8,31.0
2026,28.9,29.9,30.8,31.0,31.2
2027,29.9,30.8,31.0,31.2,31.5
2028,30.8,31.0,31.2,31.5,30.0
2029,31.0,31.2,31.5,30.0,28.5
2030,31.2,31.5,30.0,28.5,29.1
2031,31.5,30.0,28.5,29.1,29.8
2032,30.0,28.5,29.1,29.8,31.6
2033,28.5,29.1,29.8,31.6,30.0
2034,29.1,29.8,31.6,30.0,29.3
2035,29.8,31.6,30.0,29.3,26.8
2036,31.6,30.0,29.3,26.8,27.1
2037,30.0,29.3,26.8,27.1,27.5
2038,29.3,26.8,27.1,27.5,27.2
2039,26.8,27.1,27.5,27.2,27.0
2040,27.1,27.5,27.2,27.0,27.3
2041,27.5,27.2,27.0,27.3,29.8
2042,27.2,27.0,27.3,29.8,30.3
2043,27.0,27.3,29.8,30.3,31.2
2044,27.3,29.8,30.3,31.2,29.6
2045,29.8,30.3,31.2,29.6,30.1
2046,30.3,31.2,29.6,30.1,27.6
2047,31.2,29.6,30.1,27.6,26.6
2048,29.6,30.1,27.6,26.6,27.3
2049,30.1,27.6,26.6,27.3,27.1
2050,27.6,26.6,27.3,27.1,26.4
2051,26.6,27.3,27.1,26.4,26.3
2052,27.3,27.1,26.4,26.3,27.5
2053,27.1,26.4,26.3,27.5,28.4
2054,26.4,26.3,27.5,28.4,28.3
2055,26.3,27.5,28.4,28.3,28.5
2056,27.5,28.4,28.3,28.5,30.0
2057,28.4,28.3,28.5,30.0,30.6
2058,28.3,28.5,30.0,30.6,29.5
2059,28.5,30.0,30.6,29.5,31.3
2060,30.0,30.6,29.5,31.3,31.5
2061,30.6,29.5,31.3,31.5,30.9
2062,29.5,31.3,31.5,30.9,31.3
2063,31.3,31.5,30.9,31.3,31.0
2064,31.5,30.9,31.3,31.0,30.5
2065,30.9,31.3,31.0,30.5,30.5
2066,31.3,31.0,30.5,30.5,31.5
2067,31.0,30.5,30.5,31.5,30.8
2068,30.5,30.5,31.5,30.8,31.0
2069,30.5,31.5,30.8,31.0,31.5
2070,31.5,30.8,31.0,31.5,31.1
2071,30.8,31.0,31.5,31.1,26.6
2072,31.0,31.5,31.1,26.6,28.0
2073,31.5,31.1,26.6,28.0,28.4
2074,31.1,26.6,28.0,28.4,29.2
2075,26.6,28.0,28.4,29.2,28.9
2076,28.0,28.4,29.2,28.9,29.3
2077,28.4,29.2,28.9,29.3,28.7
2078,29.2,28.9,29.3,28.7,28.5
2079,28.9,29.3,28.7,28.5,29.6
2080,29.3,28.7,28.5,29.6,29.9
2081,28.7,28.5,29.6,29.9,30.3
2082,28.5,29.6,29.9,30.3,27.4
2083,29.6,29.9,30.3,27.4,24.8
2084,29.9,30.3,27.4,24.8,25.3
2085,30.3,27.4,24.8,25.3,28.2
2086,27.4,24.8,25.3,28.2,27.8
2087,24.8,25.3,28.2,27.8,27.3
2088,25.3,28.2,27.8,27.3,25.8
2089,28.2,27.8,27.3,25.8,28.4
2090,27.8,27.3,25.8,28.4,28.9
2091,27.3,25.8,28.4,28.9,26.1
2092,25.8,28.4,28.9,26.1,26.6
2093,28.4,28.9,26.1,26.6,29.0
2094,28.9,26.1,26.6,29.0,29.9
2095,26.1,26.6,29.0,29.9,27.9
2096,26.6,29.0,29.9,27.9,28.4
2097,29.0,29.9,27.9,28.4,27.2
2098,29.9,27.9,28.4,27.2,28.6
2099,27.9,28.4,27.2,28.6,27.9
2100,28.4,27.2,28.6,27.9,26.1
2101,27.2,28.6,27.9,26.1,25.1
2102,28.6,27.9,26.1,25.1,24.2
2103,27.9,26.1,25.1,24.2,24.1
2104,26.1,25.1,24.2,24.1,23.4
2105,25.1,24.2,24.1,23.4,23.9
2106,24.2,24.1,23.4,23.9,25.3
2107,24.1,23.4,23.9,25.3,27.6
2108,23.4,23.9,25.3,27.6,23.6
2109,23.9,25.3,27.6,23.6,23.3
2110,25.3,27.6,23.6,23.3,24.9
2111,27.6,23.6,23.3,24.9,23.1
2112,23.6,23.3,24.9,23.1,22.2
2113,23.3,24.9,23.1,22.2,21.9
2114,24.9,23.1,22.2,21.9,22.8
2115,23.1,22.2,21.9,22.8,24.0
2116,22.2,21.9,22.8,24.0,23.8
2117,21.9,22.8,24.0,23.8,23.1
2118,22.8,24.0,23.8,23.1,22.3
2119,24.0,23.8,23.1,22.3,21.9
2120,23.8,23.1,22.3,21.9,22.8
2121,23.1,22.3,21.9,22.8,25.2
2122,22.3,21.9,22.8,25.2,26.1
2123,21.9,22.8,25.2,26.1,22.8
2124,22.8,25.2,26.1,22.8,20.8
2125,25.2,26.1,22.8,20.8,22.3
2126,26.1,22.8,20.8,22.3,24.2
2127,22.8,20.8,22.3,24.2,23.7
2128,20.8,22.3,24.2,23.7,22.3
2129,22.3,24.2,23.7,22.3,22.4
2130,24.2,23.7,22.3,22.4,22.8
2131,23.7,22.3,22.4,22.8,23.8
2132,22.3,22.4,22.8,23.8,25.0
2133,22.4,22.8,23.8,25.0,25.0
2134,22.8,23.8,25.0,25.0,23.7
2135,23.8,25.0,25.0,23.7,22.0
2136,25.0,25.0,23.7,22.0,22.7
2137,25.0,23.7,22.0,22.7,23.4
2138,23.7,22.0,22.7,23.4,23.2
2139,22.0,22.7,23.4,23.2,22.7
2140,22.7,23.4,23.2,22.7,19.0
2141,23.4,23.2,22.7,19.0,20.2
2142,23.2,22.7,19.0,20.2,23.3
2143,22.7,19.0,20.2,23.3,25.2
2144,19.0,20.2,23.3,25.2,24.9
2145,20.2,23.3,25.2,24.9,25.5
2146,23.3,25.2,24.9,25.5,25.9
2147,25.2,24.9,25.5,25.9,25.6
2148,24.9,25.5,25.9,25.6,25.9
2149,25.5,25.9,25.6,25.9,24.6
2150,25.9,25.6,25.9,24.6,24.3
2151,25.6,25.9,24.6,24.3,25.1
2152,25.9,24.6,24.3,25.1,23.5
2153,24.6,24.3,25.1,23.5,20.2
2154,24.3,25.1,23.5,20.2,19.4
2155,25.1,23.5,20.2,19.4,19.7
2156,23.5,20.2,19.4,19.7,19.1
2157,20.2,19.4,19.7,19.1,18.6
2158,19.4,19.7,19.1,18.6,19.5
2159,19.7,19.1,18.6,19.5,17.7
2160,19.1,18.6,19.5,17.7,15.7
2161,18.6,19.5,17.7,15.7,16.4
2162,19.5,17.7,15.7,16.4,18.4
2163,17.7,15.7,16.4,18.4,18.4
2164,15.7,16.4,18.4,18.4,18.4
2165,16.4,18.4,18.4,18.4,20.1
2166,18.4,18.4,18.4,20.1,20.6
2167,18.4,18.4,20.1,20.6,22.2
2168,18.4,20.1,20.6,22.2,23.2
2169,20.1,20.6,22.2,23.2,22.0
2170,20.6,22.2,23.2,22.0,14.2
2171,22.2,23.2,22.0,14.2,13.2
2172,23.2,22.0,14.2,13.2,12.9
2173,22.0,14.2,13.2,12.9,13.0
2174,14.2,13.2,12.9,13.0,14.5
2175,13.2,12.9,13.0,14.5,15.3
2176,12.9,13.0,14.5,15.3,16.1
2177,13.0,14.5,15.3,16.1,18.0
2178,14.5,15.3,16.1,18.0,18.5
2179,15.3,16.1,18.0,18.5,19.1
2180,16.1,18.0,18.5,19.1,19.4
2181,18.0,18.5,19.1,19.4,19.1
2182,18.5,19.1,19.4,19.1,19.7
2183,19.1,19.4,19.1,19.7,21.6
2184,19.4,19.1,19.7,21.6,22.8
2185,19.1,19.7,21.6,22.8,18.3
2186,19.7,21.6,22.8,18.3,14.7
2187,21.6,22.8,18.3,14.7,13.4
2188,22.8,18.3,14.7,13.4,13.5
2189,18.3,14.7,13.4,13.5,15.1
2190,14.7,13.4,13.5,15.1,16.9
2191,13.4,13.5,15.1,16.9,17.2
2192,13.5,15.1,16.9,17.2,16.5
2193,15.1,16.9,17.2,16.5,14.5
2194,16.9,17.2,16.5,14.5,11.1
2195,17.2,16.5,14.5,11.1,10.4
2196,16.5,14.5,11.1,10.4,11.0
2197,14.5,11.1,10.4,11.0,12.9
2198,11.1,10.4,11.0,12.9,14.6
2199,10.4,11.0,12.9,14.6,15.3
2200,11.0,12.9,14.6,15.3,15.8
2201,12.9,14.6,15.3,15.8,16.1
2202,14.6,15.3,15.8,16.1,18.1
2203,15.3,15.8,16.1,18.1,15.7
2204,15.8,16.1,18.1,15.7,15.1
2205,16.1,18.1,15.7,15.1,15.2
2206,18.1,15.7,15.1,15.2,16.3
2207,15.7,15.1,15.2,16.3,16.9
2208,15.1,15.2,16.3,16.9,18.8
2209,15.2,16.3,16.9,18.8,18.9
2210,16.3,16.9,18.8,18.9,20.1
2211,16.9,18.8,18.9,20.1,20.5
2212,18.8,18.9,20.1,20.5,21.3
2213,18.9,20.1,20.5,21.3,20.7
2214,20.1,20.5,21.3,20.7,18.4
2215,20.5,21.3,20.7,18.4,18.3
2216,21.3,20.7,18.4,18.3,17.5
2217,20.7,18.4,18.3,17.5,18.3
2218,18.4,18.3,17.5,18.3,20.2
2219,18.3,17.5,18.3,20.2,20.6
2220,17.5,18.3,20.2,20.6,21.1
2221,18.3,20.2,20.6,21.1,20.1
2222,20.2,20.6,21.1,20.1,21.1
2223,20.6,21.1,20.1,21.1,20.3
2224,21.1,20.1,21.1,20.3,21.3
2225,20.1,21.1,20.3,21.3,20.5
2226,21.1,20.3,21.3,20.5,15.9
2227,20.3,21.3,20.5,15.9,17.9
2228,21.3,20.5,15.9,17.9,19.4
2229,20.5,15.9,17.9,19.4,19.3
2230,15.9,17.9,19.4,19.3,19.5
2231,17.9,19.4,19.3,19.5,21.8
2232,19.4,19.3,19.5,21.8,20.2
2233,19.3,19.5,21.8,20.2,20.3
2234,19.5,21.8,20.2,20.3,20.0
2235,21.8,20.2,20.3,20.0,20.2
2236,20.2,20.3,20.0,20.2,20.4
2237,20.3,20.0,20.2,20.4,20.6
2238,20.0,20.2,20.4,20.6,21.4
2239,20.2,20.4,20.6,21.4,22.0
2240,20.4,20.6,21.4,22.0,22.4
2241,20.6,21.4,22.0,22.4,22.6
2242,21.4,22.0,22.4,22.6,23.0
2243,22.0,22.4,22.6,23.0,23.8
2244,22.4,22.6,23.0,23.8,18.9
2245,22.6,23.0,23.8,18.9,17.3
2246,23.0,23.8,18.9,17.3,20.6
2247,23.8,18.9,17.3,20.6,19.9
2248,18.9,17.3,20.6,19.9,18.1
2249,17.3,20.6,19.9,18.1,17.1
2250,20.6,19.9,18.1,17.1,19.2
2251,19.9,18.1,17.1,19.2,23.0
2252,18.1,17.1,19.2,23.0,22.9
2253,17.1,19.2,23.0,22.9,21.6
2254,19.2,23.0,22.9,21.6,23.4
2255,23.0,22.9,21.6,23.4,24.0
2256,22.9,21.6,23.4,24.0,23.8
2257,21.6,23.4,24.0,23.8,24.3
2258,23.4,24.0,23.8,24.3,23.2
2259,24.0,23.8,24.3,23.2,23.3
2260,23.8,24.3,23.2,23.3,23.7
2261,24.3,23.2,23.3,23.7,23.4
2262,23.2,23.3,23.7,23.4,24.3
2263,23.3,23.7,23.4,24.3,24.3
2264,23.7,23.4,24.3,24.3,24.7
2265,23.4,24.3,24.3,24.7,24.2
2266,24.3,24.3,24.7,24.2,20.9
2267,24.3,24.7,24.2,20.9,18.3
2268,24.7,24.2,20.9,18.3,19.2
2269,24.2,20.9,18.3,19.2,19.8
2270,20.9,18.3,19.2,19.8,20.1
2271,18.3,19.2,19.8,20.1,22.9
2272,19.2,19.8,20.1,22.9,23.2
2273,19.8,20.1,22.9,23.2,23.5
2274,20.1,22.9,23.2,23.5,25.3
2275,22.9,23.2,23.5,25.3,25.2
2276,23.2,23.5,25.3,25.2,26.0
2277,23.5,25.3,25.2,26.0,26.2
2278,25.3,25.2,26.0,26.2,25.5
2279,25.2,26.0,26.2,25.5,25.3
2280,26.0,26.2,25.5,25.3,25.6
2281,26.2,25.5,25.3,25.6,22.8
2282,25.5,25.3,25.6,22.8,25.0
2283,25.3,25.6,22.8,25.0,25.8
2284,25.6,22.8,25.0,25.8,26.2
2285,22.8,25.0,25.8,26.2,20.8
2286,25.0,25.8,26.2,20.8,19.5
2287,25.8,26.2,20.8,19.5,24.3
2288,26.2,20.8,19.5,24.3,26.4
2289,20.8,19.5,24.3,26.4,25.8
2290,19.5,24.3,26.4,25.8,26.8
2291,24.3,26.4,25.8,26.8,25.9
2292,26.4,25.8,26.8,25.9,27.1
2293,25.8,26.8,25.9,27.1,23.0
2294,26.8,25.9,27.1,23.0,22.4
2295,25.9,27.1,23.0,22.4,26.1
2296,27.1,23.0,22.4,26.1,28.2
2297,23.0,22.4,26.1,28.2,28.7
2298,22.4,26.1,28.2,28.7,28.4
2299,26.1,28.2,28.7,28.4,27.8
2300,28.2,28.7,28.4,27.8,28.2
2301,28.7,28.4,27.8,28.2,26.9
2302,28.4,27.8,28.2,26.9,23.8
2303,27.8,28.2,26.9,23.8,24.2
2304,28.2,26.9,23.8,24.2,23.2
2305,26.9,23.8,24.2,23.2,24.1
2306,23.8,24.2,23.2,24.1,25.3
2307,24.2,23.2,24.1,25.3,25.5
2308,23.2,24.1,25.3,25.5,27.6
2309,24.1,25.3,25.5,27.6,29.1
2310,25.3,25.5,27.6,29.1,29.3
2311,25.5,27.6,29.1,29.3,24.7
2312,27.6,29.1,29.3,24.7,26.8
2313,29.1,29.3,24.7,26.8,28.0
2314,29.3,24.7,26.8,28.0,27.9
2315,24.7,26.8,28.0,27.9,29.0
2316,26.8,28.0,27.9,29.0,30.1
2317,28.0,27.9,29.0,30.1,29.3
2318,27.9,29.0,30.1,29.3,29.3
2319,29.0,30.1,29.3,29.3,27.4
2320,30.1,29.3,29.3,27.4,29.2
2321,29.3,29.3,27.4,29.2,30.0
2322,29.3,27.4,29.2,30.0,30.4
2323,27.4,29.2,30.0,30.4,29.9
2324,29.2,30.0,30.4,29.9,30.1
2325,30.0,30.4,29.9,30.1,30.7
2326,30.4,29.9,30.1,30.7,31.0
2327,29.9,30.1,30.7,31.0,30.1
2328,30.1,30.7,31.0,30.1,31.3
2329,30.7,31.0,30.1,31.3,30.9
2330,31.0,30.1,31.3,30.9,27.4
2331,30.1,31.3,30.9,27.4,25.8
2332,31.3,30.9,27.4,25.8,28.9
2333,30.9,27.4,25.8,28.9,29.9
2334,27.4,25.8,28.9,29.9,30.3
2335,25.8,28.9,29.9,30.3,31.2
2336,28.9,29.9,30.3,31.2,32.4
2337,29.9,30.3,31.2,32.4,33.7
2338,30.3,31.2,32.4,33.7,34.5
2339,31.2,32.4,33.7,34.5,33.5
2340,32.4,33.7,34.5,33.5,34.2
2341,33.7,34.5,33.5,34.2,27.7
2342,34.5,33.5,34.2,27.7,28.5
2343,33.5,34.2,27.7,28.5,29.6
2344,34.2,27.7,28.5,29.6,28.7
2345,27.7,28.5,29.6,28.7,28.0
2346,28.5,29.6,28.7,28.0,28.3
2347,29.6,28.7,28.0,28.3,28.6
2348,28.7,28.0,28.3,28.6,29.4
2349,28.0,28.3,28.6,29.4,28.8
2350,28.3,28.6,29.4,28.8,27.7
2351,28.6,29.4,28.8,27.7,29.7
2352,29.4,28.8,27.7,29.7,30.8
2353,28.8,27.7,29.7,30.8,32.3
2354,27.7,29.7,30.8,32.3,32.9
2355,29.7,30.8,32.3,32.9,33.5
2356,30.8,32.3,32.9,33.5,34.5
2357,32.3,32.9,33.5,34.5,35.2
2358,32.9,33.5,34.5,35.2,34.3
2359,33.5,34.5,35.2,34.3,32.3
2360,34.5,35.2,34.3,32.3,29.8
2361,35.2,34.3,32.3,29.8,28.1
2362,34.3,32.3,29.8,28.1,28.2
2363,32.3,29.8,28.1,28.2,28.9
2364,29.8,28.1,28.2,28.9,32.0
2365,28.1,28.2,28.9,32.0,33.6
2366,28.2,28.9,32.0,33.6,32.5
2367,28.9,32.0,33.6,32.5,32.0
2368,32.0,33.6,32.5,32.0,32.8
2369,33.6,32.5,32.0,32.8,33.6
2370,32.5,32.0,32.8,33.6,32.9
2371,32.0,32.8,33.6,32.9,32.7
2372,32.8,33.6,32.9,32.7,30.2
2373,33.6,32.9,32.7,30.2,31.3
2374,32.9,32.7,30.2,31.3,29.6
2375,32.7,30.2,31.3,29.6,27.2
2376,30.2,31.3,29.6,27.2,29.0
2377,31.3,29.6,27.2,29.0,29.1
2378,29.6,27.2,29.0,29.1,30.4
2379,27.2,29.0,29.1,30.4,30.8
2380,29.0,29.1,30.4,30.8,30.9
2381,29.1,30.4,30.8,30.9,31.3
2382,30.4,30.8,30.9,31.3,31.2
2383,30.8,30.9,31.3,31.2,31.3
2384,30.9,31.3,31.2,31.3,31.3
2385,31.3,31.2,31.3,31.3,27.9
2386,31.2,31.3,31.3,27.9,28.8
2387,31.3,31.3,27.9,28.8,29.3
2388,31.3,27.9,28.8,29.3,29.1
2389,27.9,28.8,29.3,29.1,28.2
2390,28.8,29.3,29.1,28.2,26.7
2391,29.3,29.1,28.2,26.7,30.0
2392,29.1,28.2,26.7,30.0,30.1
2393,28.2,26.7,30.0,30.1,30.2
2394,26.7,30.0,30.1,30.2,31.5
2395,30.0,30.1,30.2,31.5,31.0
2396,30.1,30.2,31.5,31.0,30.2
2397,30.2,31.5,31.0,30.2,31.2
2398,31.5,31.0,30.2,31.2,31.9
2399,31.0,30.2,31.2,31.9,28.0
2400,30.2,31.2,31.9,28.0,30.9
2401,31.2,31.9,28.0,30.9,31.5
2402,31.9,28.0,30.9,31.5,32.8
2403,28.0,30.9,31.5,32.8,33.0
2404,30.9,31.5,32.8,33.0,33.9
2405,31.5,32.8,33.0,33.9,34.2
2406,32.8,33.0,33.9,34.2,30.6
2407,33.0,33.9,34.2,30.6,30.1
2408,33.9,34.2,30.6,30.1,27.4
2409,34.2,30.6,30.1,27.4,27.3
2410,30.6,30.1,27.4,27.3,27.3
2411,30.1,27.4,27.3,27.3,29.8
2412,27.4,27.3,27.3,29.8,30.0
2413,27.3,27.3,29.8,30.0,28.3
2414,27.3,29.8,30.0,28.3,30.2
2415,29.8,30.0,28.3,30.2,30.4
2416,30.0,28.3,30.2,30.4,29.2
2417,28.3,30.2,30.4,29.2,29.6
2418,30.2,30.4,29.2,29.6,30.5
2419,30.4,29.2,29.6,30.5,31.3
2420,29.2,29.6,30.5,31.3,31.1
2421,29.6,30.5,31.3,31.1,28.9
2422,30.5,31.3,31.1,28.9,30.4
2423,31.3,31.1,28.9,30.4,29.9
2424,31.1,28.9,30.4,29.9,28.8
2425,28.9,30.4,29.9,28.8,27.8
2426,30.4,29.9,28.8,27.8,27.7
2427,29.9,28.8,27.8,27.7,28.4
2428,28.8,27.8,27.7,28.4,28.8
2429,27.8,27.7,28.4,28.8,29.5
2430,27.7,28.4,28.8,29.5,29.8
2431,28.4,28.8,29.5,29.8,28.6
2432,28.8,29.5,29.8,28.6,29.7
2433,29.5,29.8,28.6,29.7,29.9
2434,29.8,28.6,29.7,29.9,28.3
2435,28.6,29.7,29.9,28.3,29.2
2436,29.7,29.9,28.3,29.2,27.2
2437,29.9,28.3,29.2,27.2,27.3
2438,28.3,29.2,27.2,27.3,27.6
2439,29.2,27.2,27.3,27.6,29.2
2440,27.2,27.3,27.6,29.2,30.3
2441,27.3,27.6,29.2,30.3,31.2
2442,27.6,29.2,30.3,31.2,28.9
2443,29.2,30.3,31.2,28.9,26.2
2444,30.3,31.2,28.9,26.2,26.5
2445,31.2,28.9,26.2,26.5,27.8
2446,28.9,26.2,26.5,27.8,27.7
2447,26.2,26.5,27.8,27.7,28.9
2448,26.5,27.8,27.7,28.9,30.0
2449,27.8,27.7,28.9,30.0,28.5
2450,27.7,28.9,30.0,28.5,29.1
2451,28.9,30.0,28.5,29.1,27.9
2452,30.0,28.5,29.1,27.9,27.9
2453,28.5,29.1,27.9,27.9,26.3
2454,29.1,27.9,27.9,26.3,26.0
2455,27.9,27.9,26.3,26.0,26.2
2456,27.9,26.3,26.0,26.2,27.4
2457,26.3,26.0,26.2,27.4,29.0
2458,26.0,26.2,27.4,29.0,29.3
2459,26.2,27.4,29.0,29.3,29.8
2460,27.4,29.0,29.3,29.8,29.7
2461,29.0,29.3,29.8,29.7,26.6
2462,29.3,29.8,29.7,26.6,28.3
2463,29.8,29.7,26.6,28.3,27.4
2464,29.7,26.6,28.3,27.4,28.8
2465,26.6,28.3,27.4,28.8,29.3
2466,28.3,27.4,28.8,29.3,29.6
2467,27.4,28.8,29.3,29.6,30.2
2468,28.8,29.3,29.6,30.2,26.5
2469,29.3,29.6,30.2,26.5,23.9
2470,29.6,30.2,26.5,23.9,23.5
2471,30.2,26.5,23.9,23.5,25.1
2472,26.5,23.9,23.5,25.1,24.3
2473,23.9,23.5,25.1,24.3,22.8
2474,23.5,25.1,24.3,22.8,21.4
2475,25.1,24.3,22.8,21.4,21.4
2476,24.3,22.8,21.4,21.4,21.2
2477,22.8,21.4,21.4,21.2,19.2
2478,21.4,21.4,21.2,19.2,22.0
2479,21.4,21.2,19.2,22.0,26.2
2480,21.2,19.2,22.0,26.2,22.7
2481,19.2,22.0,26.2,22.7,20.1
2482,22.0,26.2,22.7,20.1,21.0
2483,26.2,22.7,20.1,21.0,21.6
2484,22.7,20.1,21.0,21.6,22.3
2485,20.1,21.0,21.6,22.3,23.1
2486,21.0,21.6,22.3,23.1,24.8
2487,21.6,22.3,23.1,24.8,22.7
2488,22.3,23.1,24.8,22.7,21.6
2489,23.1,24.8,22.7,21.6,20.1
2490,24.8,22.7,21.6,20.1,20.7
2491,22.7,21.6,20.1,20.7,21.2
2492,21.6,20.1,20.7,21.2,21.8
2493,20.1,20.7,21.2,21.8,23.4
2494,20.7,21.2,21.8,23.4,26.3
2495,21.2,21.8,23.4,26.3,26.5
2496,21.8,23.4,26.3,26.5,26.4
2497,23.4,26.3,26.5,26.4,26.8
2498,26.3,26.5,26.4,26.8,20.1
2499,26.5,26.4,26.8,20.1,20.1
2500,26.4,26.8,20.1,20.1,20.7
2501,26.8,20.1,20.1,20.7,20.8
2502,20.1,20.1,20.7,20.8,21.9
2503,20.1,20.7,20.8,21.9,21.2
2504,20.7,20.8,21.9,21.2,21.2
2505,20.8,21.9,21.2,21.2,22.1
2506,21.9,21.2,21.2,22.1,21.3
2507,21.2,21.2,22.1,21.3,21.0
2508,21.2,22.1,21.3,21.0,20.1
2509,22.1,21.3,21.0,20.1,20.1
2510,21.3,21.0,20.1,20.1,23.2
2511,21.0,20.1,20.1,23.2,26.2
2512,20.1,20.1,23.2,26.2,20.8
2513,20.1,23.2,26.2,20.8,18.2
2514,23.2,26.2,20.8,18.2,18.6
2515,26.2,20.8,18.2,18.6,18.1
2516,20.8,18.2,18.6,18.1,19.6
2517,18.2,18.6,18.1,19.6,21.2
2518,18.6,18.1,19.6,21.2,20.4
2519,18.1,19.6,21.2,20.4,21.7
2520,19.6,21.2,20.4,21.7,22.0
2521,21.2,20.4,21.7,22.0,19.8
2522,20.4,21.7,22.0,19.8,17.3
2523,21.7,22.0,19.8,17.3,17.1
2524,22.0,19.8,17.3,17.1,17.5
2525,19.8,17.3,17.1,17.5,17.8
2526,17.3,17.1,17.5,17.8,18.0
2527,17.1,17.5,17.8,18.0,17.7
2528,17.5,17.8,18.0,17.7,18.7
2529,17.8,18.0,17.7,18.7,19.7
2530,18.0,17.7,18.7,19.7,20.8
2531,17.7,18.7,19.7,20.8,21.4
2532,18.7,19.7,20.8,21.4,20.9
2533,19.7,20.8,21.4,20.9,18.4
2534,20.8,21.4,20.9,18.4,18.2
2535,21.4,20.9,18.4,18.2,18.9
2536,20.9,18.4,18.2,18.9,21.3
2537,18.4,18.2,18.9,21.3,21.9
2538,18.2,18.9,21.3,21.9,19.3
2539,18.9,21.3,21.9,19.3,18.2
2540,21.3,21.9,19.3,18.2,19.3
2541,21.9,19.3,18.2,19.3,18.9
2542,19.3,18.2,19.3,18.9,19.1
2543,18.2,19.3,18.9,19.1,19.6
2544,19.3,18.9,19.1,19.6,20.1
2545,18.9,19.1,19.6,20.1,20.9
2546,19.1,19.6,20.1,20.9,18.2
2547,19.6,20.1,20.9,18.2,13.3
2548,20.1,20.9,18.2,13.3,13.9
2549,20.9,18.2,13.3,13.9,15.2
2550,18.2,13.3,13.9,15.2,16.0
2551,13.3,13.9,15.2,16.0,15.1
2552,13.9,15.2,16.0,15.1,16.2
2553,15.2,16.0,15.1,16.2,17.4
2554,16.0,15.1,16.2,17.4,16.7
2555,15.1,16.2,17.4,16.7,20.2
2556,16.2,17.4,16.7,20.2,20.4
2557,17.4,16.7,20.2,20.4,21.4
2558,16.7,20.2,20.4,21.4,21.0
2559,20.2,20.4,21.4,21.0,19.9
2560,20.4,21.4,21.0,19.9,14.9
2561,21.4,21.0,19.9,14.9,14.6
2562,21.0,19.9,14.9,14.6,17.4
2563,19.9,14.9,14.6,17.4,17.0
2564,14.9,14.6,17.4,17.0,16.0
2565,14.6,17.4,17.0,16.0,16.5
2566,17.4,17.0,16.0,16.5,18.1
2567,17.0,16.0,16.5,18.1,19.5
2568,16.0,16.5,18.1,19.5,14.7
2569,16.5,18.1,19.5,14.7,17.6
2570,18.1,19.5,14.7,17.6,17.3
2571,19.5,14.7,17.6,17.3,16.5
2572,14.7,17.6,17.3,16.5,16.3
2573,17.6,17.3,16.5,16.3,18.4
2574,17.3,16.5,16.3,18.4,20.6
2575,16.5,16.3,18.4,20.6,22.6
2576,16.3,18.4,20.6,22.6,20.7
2577,18.4,20.6,22.6,20.7,20.7
2578,20.6,22.6,20.7,20.7,22.2
2579,22.6,20.7,20.7,22.2,22.5
2580,20.7,20.7,22.2,22.5,16.9
2581,20.7,22.2,22.5,16.9,13.1
2582,22.2,22.5,16.9,13.1,12.5
2583,22.5,16.9,13.1,12.5,13.0
2584,16.9,13.1,12.5,13.0,12.5
2585,13.1,12.5,13.0,12.5,14.0
2586,12.5,13.0,12.5,14.0,15.5
2587,13.0,12.5,14.0,15.5,15.1
2588,12.5,14.0,15.5,15.1,12.8
2589,14.0,15.5,15.1,12.8,16.5
2590,15.5,15.1,12.8,16.5,16.0
2591,15.1,12.8,16.5,16.0,13.5
2592,12.8,16.5,16.0,13.5,13.4
2593,16.5,16.0,13.5,13.4,15.9
2594,16.0,13.5,13.4,15.9,15.4
2595,13.5,13.4,15.9,15.4,14.1
2596,13.4,15.9,15.4,14.1,16.3
2597,15.9,15.4,14.1,16.3,16.6
2598,15.4,14.1,16.3,16.6,16.3
2599,14.1,16.3,16.6,16.3,18.5
2600,16.3,16.6,16.3,18.5,20.7
2601,16.6,16.3,18.5,20.7,13.2
2602,16.3,18.5,20.7,13.2,9.0
2603,18.5,20.7,13.2,9.0,11.0
2604,20.7,13.2,9.0,11.0,11.6
2605,13.2,9.0,11.0,11.6,13.6
2606,9.0,11.0,11.6,13.6,14.5
2607,11.0,11.6,13.6,14.5,15.2
2608,11.6,13.6,14.5,15.2,17.0
2609,13.6,14.5,15.2,17.0,18.8
2610,14.5,15.2,17.0,18.8,19.9
2611,15.2,17.0,18.8,19.9,20.7
2612,17.0,18.8,19.9,20.7,22.2
2613,18.8,19.9,20.7,22.2,22.1
2614,19.9,20.7,22.2,22.1,21.3
2615,20.7,22.2,22.1,21.3,21.3
2616,22.2,22.1,21.3,21.3,22.2
2617,22.1,21.3,21.3,22.2,21.5
2618,21.3,21.3,22.2,21.5,20.5
2619,21.3,22.2,21.5,20.5,19.6
2620,22.2,21.5,20.5,19.6,20.6
2621,21.5,20.5,19.6,20.6,22.0
2622,20.5,19.6,20.6,22.0,22.7
2623,19.6,20.6,22.0,22.7,22.8
2624,20.6,22.0,22.7,22.8,23.3
2625,22.0,22.7,22.8,23.3,24.7
2626,22.7,22.8,23.3,24.7,23.5
2627,22.8,23.3,24.7,23.5,23.6
2628,23.3,24.7,23.5,23.6,24.9
2629,24.7,23.5,23.6,24.9,24.1
2630,23.5,23.6,24.9,24.1,25.4
2631,23.6,24.9,24.1,25.4,25.6
2632,24.9,24.1,25.4,25.6,26.5
2633,24.1,25.4,25.6,26.5,19.9
2634,25.4,25.6,26.5,19.9,18.7
2635,25.6,26.5,19.9,18.7,22.4
2636,26.5,19.9,18.7,22.4,26.4
2637,19.9,18.7,22.4,26.4,23.1
2638,18.7,22.4,26.4,23.1,19.9
2639,22.4,26.4,23.1,19.9,20.2
2640,26.4,23.1,19.9,20.2,21.9
2641,23.1,19.9,20.2,21.9,24.4
2642,19.9,20.2,21.9,24.4,18.5
2643,20.2,21.9,24.4,18.5,19.5
2644,21.9,24.4,18.5,19.5,20.4
2645,24.4,18.5,19.5,20.4,21.4
2646,18.5,19.5,20.4,21.4,22.0
2647,19.5,20.4,21.4,22.0,23.8
2648,20.4,21.4,22.0,23.8,26.1
2649,21.4,22.0,23.8,26.1,25.1
2650,22.0,23.8,26.1,25.1,24.3
2651,23.8,26.1,25.1,24.3,24.4
2652,26.1,25.1,24.3,24.4,23.2
2653,25.1,24.3,24.4,23.2,25.0
2654,24.3,24.4,23.2,25.0,27.0
2655,24.4,23.2,25.0,27.0,26.8
2656,23.2,25.0,27.0,26.8,26.1
2657,25.0,27.0,26.8,26.1,23.9
2658,27.0,26.8,26.1,23.9,18.2
2659,26.8,26.1,23.9,18.2,19.2
2660,26.1,23.9,18.2,19.2,22.2
2661,23.9,18.2,19.2,22.2,22.1
2662,18.2,19.2,22.2,22.1,22.0
2663,19.2,22.2,22.1,22.0,25.3
2664,22.2,22.1,22.0,25.3,27.0
2665,22.1,22.0,25.3,27.0,26.8
2666,22.0,25.3,27.0,26.8,27.7
2667,25.3,27.0,26.8,27.7,28.1
2668,27.0,26.8,27.7,28.1,28.1
2669,26.8,27.7,28.1,28.1,27.2
2670,27.7,28.1,28.1,27.2,26.8
2671,28.1,28.1,27.2,26.8,28.6
2672,28.1,27.2,26.8,28.6,23.5
2673,27.2,26.8,28.6,23.5,23.9
2674,26.8,28.6,23.5,23.9,24.9
2675,28.6,23.5,23.9,24.9,25.0
2676,23.5,23.9,24.9,25.0,25.7
2677,23.9,24.9,25.0,25.7,26.1
2678,24.9,25.0,25.7,26.1,26.8
2679,25.0,25.7,26.1,26.8,26.2
2680,25.7,26.1,26.8,26.2,27.1
2681,26.1,26.8,26.2,27.1,28.6
2682,26.8,26.2,27.1,28.6,29.0
2683,26.2,27.1,28.6,29.0,26.9
2684,27.1,28.6,29.0,26.9,26.9
2685,28.6,29.0,26.9,26.9,24.5
2686,29.0,26.9,26.9,24.5,24.9
2687,26.9,26.9,24.5,24.9,23.9
2688,26.9,24.5,24.9,23.9,24.7
2689,24.5,24.9,23.9,24.7,25.5
2690,24.9,23.9,24.7,25.5,25.9
2691,23.9,24.7,25.5,25.9,26.9
2692,24.7,25.5,25.9,26.9,25.6
2693,25.5,25.9,26.9,25.6,24.3
2694,25.9,26.9,25.6,24.3,24.6
2695,26.9,25.6,24.3,24.6,24.0
2696,25.6,24.3,24.6,24.0,27.2
2697,24.3,24.6,24.0,27.2,28.8
2698,24.6,24.0,27.2,28.8,27.9
2699,24.0,27.2,28.8,27.9,28.8
2700,27.2,28.8,27.9,28.8,28.4
2701,28.8,27.9,28.8,28.4,28.2
2702,27.9,28.8,28.4,28.2,27.3
2703,28.8,28.4,28.2,27.3,28.8
2704,28.4,28.2,27.3,28.8,29.9
2705,28.2,27.3,28.8,29.9,30.9
2706,27.3,28.8,29.9,30.9,32.3
2707,28.8,29.9,30.9,32.3,31.0
2708,29.9,30.9,32.3,31.0,28.2
2709,30.9,32.3,31.0,28.2,28.2
2710,32.3,31.0,28.2,28.2,27.8
2711,31.0,28.2,28.2,27.8,29.0
2712,28.2,28.2,27.8,29.0,30.0
2713,28.2,27.8,29.0,30.0,28.2
2714,27.8,29.0,30.0,28.2,30.9
2715,29.0,30.0,28.2,30.9,30.9
2716,30.0,28.2,30.9,30.9,27.5
2717,28.2,30.9,30.9,27.5,28.3
2718,30.9,30.9,27.5,28.3,30.0
2719,30.9,27.5,28.3,30.0,31.4
2720,27.5,28.3,30.0,31.4,32.4
2721,28.3,30.0,31.4,32.4,33.7
2722,30.0,31.4,32.4,33.7,33.6
2723,31.4,32.4,33.7,33.6,33.3
2724,32.4,33.7,33.6,33.3,31.7
2725,33.7,33.6,33.3,31.7,28.0
2726,33.6,33.3,31.7,28.0,30.3
2727,33.3,31.7,28.0,30.3,30.7
2728,31.7,28.0,30.3,30.7,30.3
2729,28.0,30.3,30.7,30.3,32.0
2730,30.3,30.7,30.3,32.0,32.3
2731,30.7,30.3,32.0,32.3,30.6
2732,30.3,32.0,32.3,30.6,28.3
2733,32.0,32.3,30.6,28.3,28.9
2734,32.3,30.6,28.3,28.9,30.6
2735,30.6,28.3,28.9,30.6,31.2
2736,28.3,28.9,30.6,31.2,32.6
2737,28.9,30.6,31.2,32.6,30.4
2738,30.6,31.2,32.6,30.4,28.1
2739,31.2,32.6,30.4,28.1,27.6
2740,32.6,30.4,28.1,27.6,27.5
2741,30.4,28.1,27.6,27.5,27.5
2742,28.1,27.6,27.5,27.5,29.4
2743,27.6,27.5,27.5,29.4,29.8
2744,27.5,27.5,29.4,29.8,29.6
2745,27.5,29.4,29.8,29.6,29.0
2746,29.4,29.8,29.6,29.0,29.7
2747,29.8,29.6,29.0,29.7,29.4
2748,29.6,29.0,29.7,29.4,31.2
2749,29.0,29.7,29.4,31.2,32.2
2750,29.7,29.4,31.2,32.2,32.3
2751,29.4,31.2,32.2,32.3,29.2
2752,31.2,32.2,32.3,29.2,28.8
2753,32.2,32.3,29.2,28.8,27.9
2754,32.3,29.2,28.8,27.9,27.7
2755,29.2,28.8,27.9,27.7,29.7
2756,28.8,27.9,27.7,29.7,30.9
2757,27.9,27.7,29.7,30.9,30.9
2758,27.7,29.7,30.9,30.9,30.8
2759,29.7,30.9,30.9,30.8,30.7
2760,30.9,30.9,30.8,30.7,30.7
2761,30.9,30.8,30.7,30.7,30.9
2762,30.8,30.7,30.7,30.9,29.6
2763,30.7,30.7,30.9,29.6,29.3
2764,30.7,30.9,29.6,29.3,29.1
2765,30.9,29.6,29.3,29.1,30.4
2766,29.6,29.3,29.1,30.4,31.5
2767,29.3,29.1,30.4,31.5,30.7
2768,29.1,30.4,31.5,30.7,28.3
2769,30.4,31.5,30.7,28.3,27.3
2770,31.5,30.7,28.3,27.3,27.7
2771,30.7,28.3,27.3,27.7,28.5
2772,28.3,27.3,27.7,28.5,29.7
2773,27.3,27.7,28.5,29.7,28.4
2774,27.7,28.5,29.7,28.4,26.0
2775,28.5,29.7,28.4,26.0,25.3
2776,29.7,28.4,26.0,25.3,28.0
2777,28.4,26.0,25.3,28.0,28.8
2778,26.0,25.3,28.0,28.8,29.4
2779,25.3,28.0,28.8,29.4,30.7
2780,28.0,28.8,29.4,30.7,30.2
2781,28.8,29.4,30.7,30.2,30.6
2782,29.4,30.7,30.2,30.6,31.1
2783,30.7,30.2,30.6,31.1,27.7
2784,30.2,30.6,31.1,27.7,27.0
2785,30.6,31.1,27.7,27.0,29.6
2786,31.1,27.7,27.0,29.6,29.5
2787,27.7,27.0,29.6,29.5,30.9
2788,27.0,29.6,29.5,30.9,28.0
2789,29.6,29.5,30.9,28.0,28.0
2790,29.5,30.9,28.0,28.0,29.8
2791,30.9,28.0,28.0,29.8,30.4
2792,28.0,28.0,29.8,30.4,30.7
2793,28.0,29.8,30.4,30.7,30.8
2794,29.8,30.4,30.7,30.8,30.5
2795,30.4,30.7,30.8,30.5,28.7
2796,30.7,30.8,30.5,28.7,30.2
2797,30.8,30.5,28.7,30.2,30.8
2798,30.5,28.7,30.2,30.8,27.7
2799,28.7,30.2,30.8,27.7,29.4
2800,30.2,30.8,27.7,29.4,30.2
2801,30.8,27.7,29.4,30.2,28.9
2802,27.7,29.4,30.2,28.9,26.4
2803,29.4,30.2,28.9,26.4,26.9
2804,30.2,28.9,26.4,26.9,28.0
2805,28.9,26.4,26.9,28.0,28.7
2806,26.4,26.9,28.0,28.7,29.4
2807,26.9,28.0,28.7,29.4,29.3
2808,28.0,28.7,29.4,29.3,29.9
2809,28.7,29.4,29.3,29.9,30.2
2810,29.4,29.3,29.9,30.2,28.5
2811,29.3,29.9,30.2,28.5,27.9
2812,29.9,30.2,28.5,27.9,29.6
2813,30.2,28.5,27.9,29.6,30.2
2814,28.5,27.9,29.6,30.2,29.2
2815,27.9,29.6,30.2,29.2,27.4
2816,29.6,30.2,29.2,27.4,27.6
2817,30.2,29.2,27.4,27.6,27.4
2818,29.2,27.4,27.6,27.4,26.6
2819,27.4,27.6,27.4,26.6,26.0
2820,27.6,27.4,26.6,26.0,27.9
2821,27.4,26.6,26.0,27.9,29.0
2822,26.6,26.0,27.9,29.0,26.8
2823,26.0,27.9,29.0,26.8,26.1
2824,27.9,29.0,26.8,26.1,26.6
2825,29.0,26.8,26.1,26.6,26.2
